name,id,category,is_main,share
CH,0,Allgemeine Verwaltung,TRUE,0.0815570697628695
CH,01,Legislative und Exekutive,FALSE,0.00486311163368698
CH,02,Allgemeine Dienste,FALSE,0.02473302760858387
CH,03,Beziehungen zum Ausland,FALSE,0.051835581451192804
CH,08,F&E in allgemeine Verwaltung,FALSE,1.2534906940584345e-4
CH,1,"Öffentliche Ordnung und Sicherheit, Verteidigung",TRUE,0.08487294948527223
CH,11,Öffentliche Sicherheit,FALSE,0.00986758240839154
CH,12,Rechtssprechung,FALSE,0.0028487457311793577
CH,13,Strafvollzug,FALSE,8.844365888114566e-4
CH,14,Allgemeines Rechtswesen,FALSE,9.552495309781026e-5
CH,15,Feuerwehr,FALSE,0
CH,16,Verteidigung,FALSE,0.07084374490556401
CH,18,"F&E in Öffentliche Ordnung und Sicherheit, Verteidigung",FALSE,3.329148982280513e-4
CH,2,Bildung,TRUE,0.09024639459540601
CH,21,Obligatorische Schule,FALSE,3.486988883828358e-4
CH,22,Sonderschulen,FALSE,0
CH,23,Berufliche Grundbildung,FALSE,0.012025955833186688
CH,25,Allgemeinbildende Schulen,FALSE,8.492842576305918e-7
CH,26,Höhere Berufsbildung,FALSE,0.0019220273076071368
CH,27,Hochschulen,FALSE,0.03390822865187856
CH,28,Forschung,FALSE,0.041935930963508436
CH,29,Übriges Bildungswesen,FALSE,1.0470366658472426e-4
CH,3,"Kultur, Sport und Freizeit, Kirche",TRUE,0.006939676293069074
CH,31,Kulturerbe,FALSE,0.0012158041094686503
CH,32,"Kultur, übrige",FALSE,0.0017453344008665009
CH,33,Medien,FALSE,0.0014575727222047128
CH,34,Sport und Freizeit,FALSE,0.0024663069027748316
CH,35,Kirchen und religiöse Angelegenheiten,FALSE,0
CH,38,"F&E in Kultur, Sport und Freizeit, Kirche",FALSE,5.465815775437872e-5
CH,4,Gesundheit,TRUE,0.004376245879406606
CH,41,"Spitäler, Kranken- und Pflegeheime",FALSE,2.0375095069455716e-5
CH,42,Ambulante Krankenpflege,FALSE,0
CH,43,Gesundheitsprävention,FALSE,0.002658373327040538
CH,48,F&E in Gesundheit,FALSE,0.0016950245812632056
CH,49,Gesundheitswesen n.a.g.,FALSE,2.472876033405877e-6
CH,5,Soziale Sicherheit,TRUE,0.3431391784870219
CH,51,Krankheit und Unfall,FALSE,0.04071979832314325
CH,52,Invalidität,FALSE,0.08685594494401011
CH,53,Alter + Hinterlassene,FALSE,0.18448169465944866
CH,54,Familie und Jugend,FALSE,0.0029616562859808766
CH,55,Arbeitslosigkeit,FALSE,0.008692749385516205
CH,56,Sozialer Wohnungsbau,FALSE,3.5179973212905646e-5
CH,57,Sozialhilfe und Asylwesen,FALSE,0.019346696370073156
CH,58,F&E in soziale Sicherheit,FALSE,4.179687241409868e-5
CH,59,Soziale Wohlfahrt n.a.g.,FALSE,3.6616732226588697e-6
CH,6,Verkehr und Nachrichtenübermittlung,TRUE,0.14484791606873615
CH,61,Strassenverkehr,FALSE,0.056757054726603175
CH,62,Öffentlicher Verkehr,FALSE,0.08509078473574344
CH,63,"Verkehr, übrige",FALSE,0.0020895373901990426
CH,64,Nachrichtenübermittlung,FALSE,0
CH,68,F&E in Verkehr und Nachrichtenübermittlung,FALSE,9.105392161904911e-4
CH,7,Umweltschutz und Raumordnung,TRUE,0.015006830036035935
CH,71,Wasserversorgung,FALSE,0
CH,72,Abwasserbeseitigung,FALSE,1.765063545100548e-4
CH,73,Abfallwirtschaft,FALSE,2.742963617147546e-4
CH,74,Verbauungen,FALSE,0.0038883614671872046
CH,75,Arten- und Landschaftsschutz,FALSE,0.0017052496735003504
CH,76,Bekämpfung von Umweltverschmutzung,FALSE,0.003933950903128199
CH,77,Übriger Umweltschutz,FALSE,0.0020926046663681586
CH,78,F&E in Umweltschutz,FALSE,0.0026901074305245355
CH,79,Raumordnung,FALSE,2.45753179102677e-4
CH,8,Volkswirtschaft,TRUE,0.07627365822804336
CH,81,Landwirtschaft,FALSE,0.05688493044368606
CH,82,Forstwirtschaft,FALSE,3.590909505707211e-4
CH,83,Jagd und Fischerei,FALSE,1.3085434384423102e-4
CH,84,Tourismus,FALSE,0.0012304347598411508
CH,85,"Industrie, Gewerbe, Handel",FALSE,0.00173356590388052
CH,86,Banken und Versicherungen,FALSE,4.3395180989101495e-6
CH,87,Brennstoffe und Energie,FALSE,0.007672656165468478
CH,88,F&E in Volkswirtschaft,FALSE,0.008257786142653278
CH,89,Sonstige gewerbliche Betriebe,FALSE,0
CH,9,Finanzen und Steuern,TRUE,0.15274008116413923
CH,92,Steuerabkommen,FALSE,0
CH,93,Finanz- und Lastenausgleich,FALSE,0.05157406740519247
CH,94,Ertragsanteile an Bundeseinnahmen ohne Zweckbindung,FALSE,0.06246838237871991
CH,95,"Ertragsanteile, übrige, ohne Zweckbindung",FALSE,0
CH,96,Vermögens- und Schuldenverwaltung,FALSE,0.028016913115791506
CH,97,Rückverteilungen,FALSE,0.01068071826443534
CH,99,Nicht aufgeteilte Posten,FALSE,0
