name,id,category,amount,type,share,average,delta
Aarau,0,Allgemeine Verwaltung,1215.0903505724204,mittel,0.09091551102109012,0.08655591019109915,0.050367454057912306
Aarau,1,"Öffentliche Ordnung und Sicherheit, Verteidigung",878.2989092857065,mittel,0.06571609603298952,0.07015981830624264,-0.06333714055325218
Aarau,2,Bildung,4186.983006797962,mittel,0.31327851424408903,0.2794315697395618,0.12112784727965263
Aarau,3,"Kultur, Sport und Freizeit, Kirche",1012.5575016294536,mittel,0.07576159472874801,0.06677799418173824,0.1345293559216624
Aarau,4,Gesundheit,1552.1444734480062,mittel,0.11613458037553218,0.1338791066630749,-0.13254141538454728
Aarau,5,Soziale Sicherheit,2416.270920864211,mittel,0.1807902642237935,0.21296686142016943,-0.15108734279974978
Aarau,6,Verkehr und Nachrichtenübermittlung,1562.7271316890422,mittel,0.11692639621168961,0.09672062575965465,0.20890859931205547
Aigle,0,Allgemeine Verwaltung,1465.761806829116,klein,0.08568199022792518,0.08491773690024637,0.008999925758461773
Aigle,1,"Öffentliche Ordnung und Sicherheit, Verteidigung",1358.4847623614285,klein,0.07941104590877585,0.0644459473909818,0.23221163042267837
Aigle,2,Bildung,4343.652541712603,klein,0.2539108284160053,0.3209423569173297,-0.2088584665021039
Aigle,3,"Kultur, Sport und Freizeit, Kirche",662.5167199845356,klein,0.03872781434410099,0.05110652376824176,-0.24221388017459053
Aigle,4,Gesundheit,2925.9535107496363,klein,0.17103837673172598,0.1298954400720156,0.31673888349660506
Aigle,5,Soziale Sicherheit,3791.3170922283552,klein,0.22162372667494915,0.19902469271572362,0.11354889511878202
Aigle,6,Verkehr und Nachrichtenübermittlung,1746.614442216931,klein,0.10209940037510556,0.09608122031060676,0.06263638247977621
Altdorf (UR),0,Allgemeine Verwaltung,1121.585434445884,klein,0.12296919365311725,0.08491773690024637,0.44809786673389873
Altdorf (UR),1,"Öffentliche Ordnung und Sicherheit, Verteidigung",491.4623999638706,klein,0.053883309446008075,0.0644459473909818,-0.1638991802058884
Altdorf (UR),2,Bildung,3055.6938697886103,klein,0.33502237072499086,0.3209423569173297,0.043870849403925764
Altdorf (UR),3,"Kultur, Sport und Freizeit, Kirche",365.5857528839877,klein,0.0400823547297777,0.05110652376824176,-0.2157096242439918
Altdorf (UR),4,Gesundheit,1112.912550291719,klein,0.1220183097183491,0.1298954400720156,-0.06064208527488971
Altdorf (UR),5,Soziale Sicherheit,1480.6129889561093,klein,0.16233251589453424,0.19902469271572362,-0.18435992198012616
Altdorf (UR),6,Verkehr und Nachrichtenübermittlung,698.9969211412549,klein,0.07663712912000999,0.09608122031060676,-0.20237140127632483
Altstätten,0,Allgemeine Verwaltung,1362.4265555534532,klein,0.08233687087030102,0.08491773690024637,-0.03039254370352709
Altstätten,1,"Öffentliche Ordnung und Sicherheit, Verteidigung",836.8987103559211,klein,0.05057712708638805,0.0644459473909818,-0.21520081348876996
Altstätten,2,Bildung,6363.245688053832,klein,0.38455631710764343,0.3209423569173297,0.19820992405405624
Altstätten,3,"Kultur, Sport und Freizeit, Kirche",588.8747250137684,klein,0.03558804839395276,0.05110652376824176,-0.3036495975477083
Altstätten,4,Gesundheit,2020.3698455983367,klein,0.12209900813310569,0.1298954400720156,-0.06002082855708765
Altstätten,5,Soziale Sicherheit,2999.425559365753,klein,0.1812672499371942,0.19902469271572362,-0.089222309735672925
Altstätten,6,Verkehr und Nachrichtenübermittlung,1622.3111361742674,klein,0.09804273264210556,0.09608122031060676,0.020415147987897283
Arbon,0,Allgemeine Verwaltung,1467.5142692391044,klein,0.08211276059744062,0.08491773690024637,-0.03303168931716567
Arbon,1,"Öffentliche Ordnung und Sicherheit, Verteidigung",860.0435046132841,klein,0.048122561993424885,0.0644459473909818,-0.2532880042638821
Arbon,2,Bildung,7478.863005161145,klein,0.4184695851729361,0.3209423569173297,0.30387770935678665
Arbon,3,"Kultur, Sport und Freizeit, Kirche",611.1223966944452,klein,0.034194520698952784,0.05110652376824176,-0.3309167171295323
Arbon,4,Gesundheit,1738.7658529457021,klein,0.09729027322641491,0.1298954400720156,-0.25101086556636615
Arbon,5,Soziale Sicherheit,3182.460922981294,klein,0.17807026299987244,0.19902469271572362,-0.10528557753274054
Arbon,6,Verkehr und Nachrichtenübermittlung,1511.7207140690898,klein,0.08458627196102733,0.09608122031060676,-0.11963782633504351
Baden,0,Allgemeine Verwaltung,1071.7434405530191,mittel,0.08086676731302773,0.08655591019109915,-0.065727953937644
Baden,1,"Öffentliche Ordnung und Sicherheit, Verteidigung",873.1095224046658,mittel,0.06587914785898243,0.07015981830624264,-0.06101313473440584
Baden,2,Bildung,4042.5953579281772,mittel,0.3050278693393428,0.2794315697395618,0.09160131628519094
Baden,3,"Kultur, Sport und Freizeit, Kirche",852.1973661696038,mittel,0.06430125299320948,0.06677799418173824,-0.037089182130691796
Baden,4,Gesundheit,1529.7646550546388,mittel,0.1154260597481845,0.1338791066630749,-0.13783365735573677
Baden,5,Soziale Sicherheit,2623.0319163150066,mittel,0.19791687413719003,0.21296686142016943,-0.07066821186459983
Baden,6,Verkehr und Nachrichtenübermittlung,1493.8358865807984,mittel,0.11271510930045563,0.09672062575965465,0.16536786662801764
Basel,0,Allgemeine Verwaltung,510.5449187680073,gross,0.0314370289774855,0.060907290347478625,-0.48385441548727676
Basel,1,"Öffentliche Ordnung und Sicherheit, Verteidigung",1574.1458033736806,gross,0.09692872344094829,0.09168042046200199,0.0572456251018342
Basel,2,Bildung,4224.053585761209,gross,0.26009796610740044,0.25680449083567936,0.012824835192732146
Basel,3,"Kultur, Sport und Freizeit, Kirche",1217.3079444780385,gross,0.07495627459661137,0.07552502172054538,-0.007530578753601227
Basel,4,Gesundheit,3309.794987209728,gross,0.2038020889004853,0.15929313275471482,0.2794154109223712
Basel,5,Soziale Sicherheit,3979.697723911902,gross,0.24505164593578443,0.2348514027254961,0.04343275403899035
Basel,6,Verkehr und Nachrichtenübermittlung,1026.9258721075532,gross,0.06323341436259482,0.0814397184297912,-0.22355558710449067
Bellinzona,0,Allgemeine Verwaltung,1526.66702067161,mittel,0.10189825598582991,0.08655591019109915,0.17725358974167968
Bellinzona,1,"Öffentliche Ordnung und Sicherheit, Verteidigung",1104.0680980089303,mittel,0.07369165125949356,0.07015981830624264,0.050339824681910096
Bellinzona,2,Bildung,3521.626099287054,mittel,0.23505293092246662,0.2794315697395618,-0.15881755543390222
Bellinzona,3,"Kultur, Sport und Freizeit, Kirche",1059.0101541531449,mittel,0.07068423324689238,0.06677799418173824,0.05849590292459512
Bellinzona,4,Gesundheit,2453.363716325908,mittel,0.16375115241734078,0.1338791066630749,0.22312701734291504
Bellinzona,5,Soziale Sicherheit,3016.525635319702,mittel,0.2013397140395444,0.21296686142016943,-0.05459604045009354
Bellinzona,6,Verkehr und Nachrichtenübermittlung,1304.5913963843477,mittel,0.08707569251558382,0.09672062575965465,-0.09971950830878563
Bern,0,Allgemeine Verwaltung,1081.4000120409862,gross,0.06481637398492854,0.060907290347478625,0.06418088237300376
Bern,1,"Öffentliche Ordnung und Sicherheit, Verteidigung",1646.0127325803485,gross,0.09865782843623495,0.09168042046200199,0.07610575888583354
Bern,2,Bildung,4298.317066528709,gross,0.2576302232178692,0.25680449083567936,0.0032154125478990065
Bern,3,"Kultur, Sport und Freizeit, Kirche",1144.8295803886283,gross,0.06861818143633028,0.07552502172054538,-0.09145102016350974
Bern,4,Gesundheit,2618.7764993228784,gross,0.15696282141027046,0.15929313275471482,-0.014629075994334665
Bern,5,Soziale Sicherheit,3801.4725724574932,gross,0.2278506243816414,0.2348514027254961,-0.029809395484162823
Bern,6,Verkehr und Nachrichtenübermittlung,1515.6430596445002,gross,0.09084380089488656,0.0814397184297912,0.1154729245927167
Biel/Bienne,0,Allgemeine Verwaltung,1121.728505208742,mittel,0.06580158514663853,0.08655591019109915,-0.23977940961673186
Biel/Bienne,1,"Öffentliche Ordnung und Sicherheit, Verteidigung",1346.8813057296902,mittel,0.07900924734447695,0.07015981830624264,0.1261324395055754
Biel/Bienne,2,Bildung,4584.359498907599,mittel,0.2689225784219811,0.2794315697395618,-0.03760846108897211
Biel/Bienne,3,"Kultur, Sport und Freizeit, Kirche",1021.547824311668,mittel,0.059924897897017174,0.06677799418173824,-0.10262506936147511
Biel/Bienne,4,Gesundheit,2559.413130151011,mittel,0.1501374354195594,0.1338791066630749,0.1214403737948507
Biel/Bienne,5,Soziale Sicherheit,3998.1458575525876,mittel,0.23453476830872677,0.21296686142016943,0.10127353497502738
Biel/Bienne,6,Verkehr und Nachrichtenübermittlung,1575.2066894463442,mittel,0.09240301607550735,0.09672062575965465,-0.044640009824546766
Brig-Glis,0,Allgemeine Verwaltung,1011.0240383962588,klein,0.0669378460063112,0.08491773690024637,-0.2117330436520737
Brig-Glis,1,"Öffentliche Ordnung und Sicherheit, Verteidigung",897.5908654348955,klein,0.05942766625258409,0.0644459473909818,-0.07786806372715294
Brig-Glis,2,Bildung,4313.913926004541,klein,0.285615470153832,0.3209423569173297,-0.11007237281739483
Brig-Glis,3,"Kultur, Sport und Freizeit, Kirche",1462.9481856766392,klein,0.0968588249626307,0.05110652376824176,0.8952340683914798
Brig-Glis,4,Gesundheit,1929.211578451445,klein,0.1277291762091235,0.1298954400720156,-0.016676981591433004
Brig-Glis,5,Soziale Sicherheit,2692.4003325301437,klein,0.17825835193011247,0.19902469271572362,-0.10434052429500645
Brig-Glis,6,Verkehr und Nachrichtenübermittlung,1533.65474217323,klein,0.10154016231036872,0.09608122031060676,0.05681591035287184
Brugg,0,Allgemeine Verwaltung,1161.860270039382,klein,0.08585496893955119,0.08491773690024637,0.011036940850246568
Brugg,1,"Öffentliche Ordnung und Sicherheit, Verteidigung",962.0369792269103,klein,0.07108914651795986,0.0644459473909818,0.10308172035512145
Brugg,2,Bildung,4745.7258019305145,klein,0.3506825664213137,0.3209423569173297,0.09266526796163789
Brugg,3,"Kultur, Sport und Freizeit, Kirche",587.6266895696668,klein,0.04342232235838909,0.05110652376824176,-0.15035656591904092
Brugg,4,Gesundheit,1654.9402014989241,klein,0.12229081522142819,0.1298954400720156,-0.05854420175466746
Brugg,5,Soziale Sicherheit,2334.730764249809,klein,0.17252353180136512,0.19902469271572362,-0.13315514046395924
Brugg,6,Verkehr und Nachrichtenübermittlung,1496.7635371796923,klein,0.11060244532680295,0.09608122031060676,0.15113489367904234
Buchs (SG),0,Allgemeine Verwaltung,1091.6739532586746,klein,0.07268046471725476,0.08491773690024637,-0.14410737532215265
Buchs (SG),1,"Öffentliche Ordnung und Sicherheit, Verteidigung",959.893963144842,klein,0.06390693770095239,0.0644459473909818,-0.008363748410110913
Buchs (SG),2,Bildung,5613.4069690172355,klein,0.37372424791981473,0.3209423569173297,0.16445909947648613
Buchs (SG),3,"Kultur, Sport und Freizeit, Kirche",581.3888860915357,klein,0.038707174698494745,0.05110652376824176,-0.24261773557473165
Buchs (SG),4,Gesundheit,1968.9488460646487,klein,0.13108686591753127,0.1298954400720156,0.009172191455336234
Buchs (SG),5,Soziale Sicherheit,2885.4668217997714,klein,0.19210595701089753,0.19902469271572362,-0.034763202547477126
Buchs (SG),6,Verkehr und Nachrichtenübermittlung,1244.5149776260873,klein,0.0828561739074626,0.09608122031060676,-0.13764444665035339
Bulle,0,Allgemeine Verwaltung,1262.1144757428754,klein,0.0783126344208217,0.08491773690024637,-0.07778236585819216
Bulle,1,"Öffentliche Ordnung und Sicherheit, Verteidigung",983.468101558554,klein,0.061022973258081155,0.0644459473909818,-0.05311387715559664
Bulle,2,Bildung,5725.49268917277,klein,0.3552597046178088,0.3209423569173297,0.1069268264560006
Bulle,3,"Kultur, Sport und Freizeit, Kirche",777.9104150594472,klein,0.04826837431750617,0.05110652376824176,-0.055533995299818346
Bulle,4,Gesundheit,2504.890691416717,klein,0.1554253538416751,0.1298954400720156,0.1965420322338138
Bulle,5,Soziale Sicherheit,2861.0167768491146,klein,0.17752253478064678,0.19902469271572362,-0.10803763915761645
Bulle,6,Verkehr und Nachrichtenübermittlung,1184.1835720700838,klein,0.07347711871546589,0.09608122031060676,-0.23526035079558122
Burgdorf,0,Allgemeine Verwaltung,1731.943603831052,klein,0.10202467888902472,0.08491773690024637,0.20145310759840468
Burgdorf,1,"Öffentliche Ordnung und Sicherheit, Verteidigung",1153.8596022767613,klein,0.06797112512491944,0.0644459473909818,0.0546997581174659
Burgdorf,2,Bildung,4751.544952430378,klein,0.27990221328578807,0.3209423569173297,-0.12787387749543136
Burgdorf,3,"Kultur, Sport und Freizeit, Kirche",729.8803418238143,klein,0.04299551517570676,0.05110652376824176,-0.1587078907835106
Burgdorf,4,Gesundheit,2559.3809036397834,klein,0.15076704245505132,0.1298954400720156,0.16068002365182538
Burgdorf,5,Soziale Sicherheit,3980.430908289558,klein,0.23447771876630094,0.19902469271572362,0.17813380624692912
Burgdorf,6,Verkehr und Nachrichtenübermittlung,1441.888385933326,klein,0.08493821579597569,0.09608122031060676,-0.11597484376872506
Chiasso,0,Allgemeine Verwaltung,1431.5573206854244,klein,0.09911015979082133,0.08491773690024637,0.16713143106070907
Chiasso,1,"Öffentliche Ordnung und Sicherheit, Verteidigung",1259.2826863099579,klein,0.08718317210116125,0.0644459473909818,0.3528107760172544
Chiasso,2,Bildung,3219.087617877495,klein,0.2228651857515113,0.3209423569173297,-0.3055912348493213
Chiasso,3,"Kultur, Sport und Freizeit, Kirche",1157.4953550075168,klein,0.08013619010170067,0.05110652376824176,0.5680227139905436
Chiasso,4,Gesundheit,1508.2174910629349,klein,0.10441752794571214,0.1298954400720156,-0.19614169760061004
Chiasso,5,Soziale Sicherheit,3684.2169870249654,klein,0.25506721177834035,0.19902469271572362,0.2815857585202501
Chiasso,6,Verkehr und Nachrichtenübermittlung,1492.8498003341533,klein,0.10335358571878392,0.09608122031060676,0.07568976939163978
Chur,0,Allgemeine Verwaltung,1289.6842809330872,mittel,0.09363790874480599,0.08655591019109915,0.08181993047119622
Chur,1,"Öffentliche Ordnung und Sicherheit, Verteidigung",1004.5321122778839,mittel,0.07293435118294966,0.07015981830624264,0.03954589597989526
Chur,2,Bildung,3950.828128122971,mittel,0.28685104501695124,0.2794315697395618,0.026552029480078492
Chur,3,"Kultur, Sport und Freizeit, Kirche",591.4100095302077,mittel,0.042939498698928186,0.06677799418173824,-0.3569813046185979
Chur,4,Gesundheit,1685.6971102497207,mittel,0.1223905373699255,0.1338791066630749,-0.0858130113017706
Chur,5,Soziale Sicherheit,2454.6951317788985,mittel,0.17822386621594985,0.21296686142016943,-0.16313803458686452
Chur,6,Verkehr und Nachrichtenübermittlung,1820.0452553158814,mittel,0.13214492418670318,0.09672062575965465,0.36625381761979015
Delémont,0,Allgemeine Verwaltung,653.0984909517065,klein,0.07490327935114456,0.08491773690024637,-0.11793128166929229
Delémont,1,"Öffentliche Ordnung und Sicherheit, Verteidigung",562.3749004902941,klein,0.06449827224392021,0.0644459473909818,8.119184379579602e-4
Delémont,2,Bildung,2499.7780649962033,klein,0.2866973011152155,0.3209423569173297,-0.10670157760116165
Delémont,3,"Kultur, Sport und Freizeit, Kirche",411.85263934235735,klein,0.04723500930344047,0.05110652376824176,-0.0757538212216872
Delémont,4,Gesundheit,1078.5104662119686,klein,0.12369339671278132,0.1298954400720156,-0.047746428633643985
Delémont,5,Soziale Sicherheit,2102.8150716119035,klein,0.24116997193366724,0.19902469271572362,0.21175904679396595
Delémont,6,Verkehr und Nachrichtenübermittlung,906.1688904066009,klein,0.10392769617111451,0.09608122031060676,0.081665031263571
Einsiedeln,0,Allgemeine Verwaltung,1116.323224411803,klein,0.09480129969358181,0.08491773690024637,0.11638985156829777
Einsiedeln,1,"Öffentliche Ordnung und Sicherheit, Verteidigung",773.6251954616675,klein,0.06569842174887203,0.0644459473909818,0.019434493689598313
Einsiedeln,2,Bildung,4387.618655837098,klein,0.37260888427035166,0.3209423569173297,0.16098382229532435
Einsiedeln,3,"Kultur, Sport und Freizeit, Kirche",230.06233161933508,klein,0.01953753856508782,0.05110652376824176,-0.6177094992082265
Einsiedeln,4,Gesundheit,1317.0394990051873,klein,0.11184668877534415,0.1298954400720156,-0.13894830554994844
Einsiedeln,5,Soziale Sicherheit,1971.3966295794826,klein,0.16741653188677097,0.19902469271572362,-0.15881527260589762
Einsiedeln,6,Verkehr und Nachrichtenübermittlung,1266.1262571303362,klein,0.10752299345502797,0.09608122031060676,0.1190843861831979
Frauenfeld,0,Allgemeine Verwaltung,1080.3884719757307,klein,0.07806314569334748,0.08491773690024637,-0.08072037076248327
Frauenfeld,1,"Öffentliche Ordnung und Sicherheit, Verteidigung",686.7973700787375,klein,0.04962433842358577,0.0644459473909818,-0.22998512035948576
Frauenfeld,2,Bildung,5549.6417527976555,klein,0.40098770389717686,0.3209423569173297,0.24940723857295577
Frauenfeld,3,"Kultur, Sport und Freizeit, Kirche",501.42753443997645,klein,0.03623049642880971,0.05110652376824176,-0.2910788338273988
Frauenfeld,4,Gesundheit,1454.776961027442,klein,0.10511447391911966,0.1298954400720156,-0.19077625926789324
Frauenfeld,5,Soziale Sicherheit,2552.56987375592,klein,0.18443517227008516,0.19902469271572362,-0.07330507710657475
Frauenfeld,6,Verkehr und Nachrichtenübermittlung,1363.2505644162836,klein,0.09850126152489813,0.09608122031060676,0.025187452932716518
Fribourg,0,Allgemeine Verwaltung,1742.826237986406,mittel,0.10427287873258775,0.08655591019109915,0.20468814321717457
Fribourg,1,"Öffentliche Ordnung und Sicherheit, Verteidigung",1039.1092322668549,mittel,0.06216965788354126,0.07015981830624264,-0.11388513561743988
Fribourg,2,Bildung,5486.739546121734,mittel,0.32827032027647707,0.2794315697395618,0.1747789291755201
Fribourg,3,"Kultur, Sport und Freizeit, Kirche",795.3812696475685,mittel,0.04758747192832857,0.06677799418173824,-0.28737793772574405
Fribourg,4,Gesundheit,2280.315921470285,mittel,0.13643075848236957,0.1338791066630749,0.019059372914074314
Fribourg,5,Soziale Sicherheit,3241.1492766457814,mittel,0.19391718928237536,0.21296686142016943,-0.08944899695079948
Fribourg,6,Verkehr und Nachrichtenübermittlung,1318.1156539848057,mittel,0.07886254564441283,0.09672062575965465,-0.1846356966260552
Genève,0,Allgemeine Verwaltung,1184.6689597963816,gross,0.07051340691640404,0.060907290347478625,0.15771702392475706
Genève,1,"Öffentliche Ordnung und Sicherheit, Verteidigung",1400.8393489676262,gross,0.08338021708211421,0.09168042046200199,-0.09053408937329094
Genève,2,Bildung,3990.941310268922,gross,0.23754726268750062,0.25680449083567936,-0.07498789482034718
Genève,3,"Kultur, Sport und Freizeit, Kirche",1570.857870483294,gross,0.09349999365920984,0.07552502172054538,0.2380002220346883
Genève,4,Gesundheit,2595.855449975925,gross,0.15450950252953236,0.15929313275471482,-0.030030360646798687
Genève,5,Soziale Sicherheit,4193.835271782642,gross,0.2496238384691073,0.2348514027254961,0.06290120294013243
Genève,6,Verkehr und Nachrichtenübermittlung,1154.9647490307002,gross,0.06874536438981405,0.0814397184297912,-0.15587423783790333
Glarus,0,Allgemeine Verwaltung,1252.7789671475118,klein,0.09549056871103187,0.08491773690024637,0.12450675438048354
Glarus,1,"Öffentliche Ordnung und Sicherheit, Verteidigung",691.6203029087158,klein,0.052717372967415854,0.0644459473909818,-0.18199087605013906
Glarus,2,Bildung,5064.561256165085,klein,0.3860360425145269,0.3209423569173297,0.20282048845912984
Glarus,3,"Kultur, Sport und Freizeit, Kirche",448.99433512851544,klein,0.034223694309840035,0.05110652376824176,-0.3303458778562617
Glarus,4,Gesundheit,1503.3976520083993,klein,0.11459347622668711,0.1298954400720156,-0.11780216331570133
Glarus,5,Soziale Sicherheit,2054.713770941088,klein,0.1566164436590917,0.19902469271572362,-0.21308033931852685
Glarus,6,Verkehr und Nachrichtenübermittlung,1212.2275094026886,klein,0.0923996150283312,0.09608122031060676,-0.0383176365826104
Grenchen,0,Allgemeine Verwaltung,1302.9128672969498,klein,0.07635083686822612,0.08491773690024637,-0.10088469552696469
Grenchen,1,"Öffentliche Ordnung und Sicherheit, Verteidigung",1285.796835087318,klein,0.0753478355042285,0.0644459473909818,0.1691632841877073
Grenchen,2,Bildung,5572.319167304423,klein,0.3265385141242788,0.3209423569173297,0.017436642706498872
Grenchen,3,"Kultur, Sport und Freizeit, Kirche",749.2258864853095,klein,0.043904719089288474,0.05110652376824176,-0.1409175218336525
Grenchen,4,Gesundheit,2192.7761879468962,klein,0.12849692501832288,0.1298954400720156,-0.010766467652115828
Grenchen,5,Soziale Sicherheit,3787.4729255669563,klein,0.22194632867715697,0.19902469271572362,0.11516980957821853
Grenchen,6,Verkehr und Nachrichtenübermittlung,1548.604748171216,klein,0.09074840802384461,0.09608122031060676,-0.05550316981323185
Herisau,0,Allgemeine Verwaltung,1480.8544715551993,klein,0.10225815031665851,0.08491773690024637,0.2042024911330607
Herisau,1,"Öffentliche Ordnung und Sicherheit, Verteidigung",841.5945560939044,klein,0.05811503039346703,0.0644459473909818,-0.09823607618189333
Herisau,2,Bildung,4297.847743742294,klein,0.2967813306841401,0.3209423569173297,-0.07528151305816314
Herisau,3,"Kultur, Sport und Freizeit, Kirche",610.5786727700383,klein,0.04216258038826274,0.05110652376824176,-0.17500590375776845
Herisau,4,Gesundheit,1776.0225852809926,klein,0.12264053489382634,0.1298954400720156,-0.05585188497892644
Herisau,5,Soziale Sicherheit,2596.156627250934,klein,0.17927364216701788,0.19902469271572362,-0.09923919629870802
Herisau,6,Verkehr und Nachrichtenübermittlung,1878.886240891722,klein,0.12974362797934488,0.09608122031060676,0.35035366495050657
Kreuzlingen,0,Allgemeine Verwaltung,1153.8672194795768,klein,0.0853074340352519,0.08491773690024637,0.004589113525991745
Kreuzlingen,1,"Öffentliche Ordnung und Sicherheit, Verteidigung",652.2518131734328,klein,0.04822212433746231,0.0644459473909818,-0.2517431073686064
Kreuzlingen,2,Bildung,5469.490114555299,klein,0.4043690290156017,0.3209423569173297,0.25994285360022307
Kreuzlingen,3,"Kultur, Sport und Freizeit, Kirche",662.5917904635514,klein,0.048986577054128136,0.05110652376824176,-0.04148094133201422
Kreuzlingen,4,Gesundheit,1419.1052965228262,klein,0.10491695181946395,0.1298954400720156,-0.19229688308306486
Kreuzlingen,5,Soziale Sicherheit,2502.269533704691,klein,0.18499718995501954,0.19902469271572362,-0.07048121803026837
Kreuzlingen,6,Verkehr und Nachrichtenübermittlung,1052.6620040037712,klein,0.07782515436088895,0.09608122031060676,-0.1900065995279876
La Chaux-de-Fonds,0,Allgemeine Verwaltung,1266.6389903079628,mittel,0.06286773416631407,0.08655591019109915,-0.2736748533114151
La Chaux-de-Fonds,1,"Öffentliche Ordnung und Sicherheit, Verteidigung",1464.2045320980908,mittel,0.07267360470774255,0.07015981830624264,0.03582943146356803
La Chaux-de-Fonds,2,Bildung,5506.641151791276,mittel,0.2733139076951428,0.2794315697395618,-0.02189323865632229
La Chaux-de-Fonds,3,"Kultur, Sport und Freizeit, Kirche",1374.3868845596226,mittel,0.06821563994264462,0.06677799418173824,0.0215287353045344
La Chaux-de-Fonds,4,Gesundheit,3002.7514675467423,mittel,0.14903708355238626,0.1338791066630749,0.11322137760792271
La Chaux-de-Fonds,5,Soziale Sicherheit,4742.225274413781,mittel,0.2353732675133703,0.21296686142016943,0.10521076351402159
La Chaux-de-Fonds,6,Verkehr und Nachrichtenübermittlung,1907.1914867503742,mittel,0.09466060046369477,0.09672062575965465,-0.02129871761871064
Langenthal,0,Allgemeine Verwaltung,1319.563794780114,klein,0.08255784585331011,0.08491773690024637,-0.0277903195855119
Langenthal,1,"Öffentliche Ordnung und Sicherheit, Verteidigung",1215.2517583699212,klein,0.07603161570311673,0.0644459473909818,0.1797734191390932
Langenthal,2,Bildung,4556.350523463898,klein,0.285065781326975,0.3209423569173297,-0.11178510663083335
Langenthal,3,"Kultur, Sport und Freizeit, Kirche",876.2192106843432,klein,0.054820214691811295,0.05110652376824176,0.07266569216114961
Langenthal,4,Gesundheit,2557.461392943276,klein,0.16000628714550774,0.1298954400720156,0.2318083456724758
Langenthal,5,Soziale Sicherheit,3704.7344395776768,klein,0.23178484890233694,0.19902469271572362,0.164603475777783
Langenthal,6,Verkehr und Nachrichtenübermittlung,1240.8616593571646,klein,0.07763388629161502,0.09608122031060676,-0.1919972910351896
Lausanne,0,Allgemeine Verwaltung,1146.306075892189,gross,0.06404794356190774,0.060907290347478625,0.05156448754347068
Lausanne,1,"Öffentliche Ordnung und Sicherheit, Verteidigung",1407.707520240457,gross,0.07865331407046784,0.09168042046200199,-0.14209256813927226
Lausanne,2,Bildung,4726.4129035859205,gross,0.2640804522156387,0.25680449083567936,0.028332687470854958
Lausanne,3,"Kultur, Sport und Freizeit, Kirche",1499.9041481330216,gross,0.08380464716033673,0.07552502172054538,0.10962758104760664
Lausanne,4,Gesundheit,2781.1513816108913,gross,0.15539220324545247,0.15929313275471482,-0.02448899988218036
Lausanne,5,Soziale Sicherheit,4068.0029526456947,gross,0.2272928923611761,0.2348514027254961,-0.032184224903926494
Lausanne,6,Verkehr und Nachrichtenübermittlung,1506.7062579716223,gross,0.08418470372307064,0.0814397184297912,0.03370573162830722
Le Locle,0,Allgemeine Verwaltung,1435.6643076422838,klein,0.07325346890827432,0.08491773690024637,-0.13735961905902147
Le Locle,1,"Öffentliche Ordnung und Sicherheit, Verteidigung",1277.7862434188876,klein,0.06519788390325329,0.0644459473909818,0.011667708253392911
Le Locle,2,Bildung,5315.2814356578165,klein,0.2712074133995277,0.3209423569173297,-0.15496534641145243
Le Locle,3,"Kultur, Sport und Freizeit, Kirche",1213.7243563053241,klein,0.061929184228198,0.05110652376824176,0.21176671121352172
Le Locle,4,Gesundheit,2966.7426646574427,klein,0.15137535312919703,0.1298954400720156,0.1653631031641505
Le Locle,5,Soziale Sicherheit,4539.001942556462,klein,0.2315984564801921,0.19902469271572362,0.16366694664865084
Le Locle,6,Verkehr und Nachrichtenübermittlung,1847.127648771306,klein,0.09424801262287615,0.09608122031060676,-0.01907977107081182
Lenzburg,0,Allgemeine Verwaltung,1114.492871915691,klein,0.07971923713071079,0.08491773690024637,-0.06121806773586427
Lenzburg,1,"Öffentliche Ordnung und Sicherheit, Verteidigung",976.5892253936554,klein,0.06985504349133548,0.0644459473909818,0.0839322923990499
Lenzburg,2,Bildung,4851.2602067878215,klein,0.3470087360387849,0.3209423569173297,0.08121825791965984
Lenzburg,3,"Kultur, Sport und Freizeit, Kirche",673.2689788455014,klein,0.048158665461071004,0.05110652376824176,-0.0576806655944499
Lenzburg,4,Gesundheit,1573.4023727136296,klein,0.1125448533706453,0.1298954400720156,-0.13357348565700927
Lenzburg,5,Soziale Sicherheit,2643.230824367647,klein,0.18906926207322466,0.19902469271572362,-0.05002108284482454
Lenzburg,6,Verkehr und Nachrichtenübermittlung,1622.1334732848065,klein,0.11603056984310386,0.09608122031060676,0.20763005994309613
Locarno,0,Allgemeine Verwaltung,1664.0052146661617,mittel,0.11361565579134475,0.08655591019109915,0.31262735890019266
Locarno,1,"Öffentliche Ordnung und Sicherheit, Verteidigung",1075.6352967418284,mittel,0.07344268428639421,0.07015981830624264,0.04679125544228306
Locarno,2,Bildung,3403.9951708018043,mittel,0.23241943007901456,0.2794315697395618,-0.16824204832819675
Locarno,3,"Kultur, Sport und Freizeit, Kirche",781.962416108638,mittel,0.05339116243586492,0.06677799418173824,-0.20046771260365612
Locarno,4,Gesundheit,1880.7317689665188,mittel,0.12841340364526216,0.1338791066630749,-0.04082566095670125
Locarno,5,Soziale Sicherheit,3382.0825465284797,mittel,0.2309232705988758,0.21296686142016943,0.08431550833291176
Locarno,6,Verkehr und Nachrichtenübermittlung,1322.0964407602485,mittel,0.09027066310397003,0.09672062575965465,-0.06668652735676481
Lugano,0,Allgemeine Verwaltung,1316.136403182434,mittel,0.09418999852134408,0.08655591019109915,0.08819834848238897
Lugano,1,"Öffentliche Ordnung und Sicherheit, Verteidigung",1012.5821222857908,mittel,0.07246597569235218,0.07015981830624264,0.032870059270155495
Lugano,2,Bildung,3169.8042962145937,mittel,0.22684872270949394,0.2794315697395618,-0.1881779037317672
Lugano,3,"Kultur, Sport und Freizeit, Kirche",1089.3086838286347,mittel,0.07795695269199568,0.06677799418173824,0.16740482620417704
Lugano,4,Gesundheit,1946.4024404175686,mittel,0.1392953211700346,0.1338791066630749,0.04045601021666767
Lugano,5,Soziale Sicherheit,3002.0563237842293,mittel,0.21484375024845612,0.21296686142016943,0.008813055776709343
Lugano,6,Verkehr und Nachrichtenübermittlung,1452.0169676851856,mittel,0.10391436306186315,0.09672062575965465,0.07437645533936614
Luzern,0,Allgemeine Verwaltung,1218.1477250225332,mittel,0.08979468988535406,0.08655591019109915,0.037418354068535574
Luzern,1,"Öffentliche Ordnung und Sicherheit, Verteidigung",780.3399864812498,mittel,0.05752207688105238,0.07015981830624264,-0.18012790982478621
Luzern,2,Bildung,3794.5832962718737,mittel,0.27971437563254054,0.2794315697395618,0.0010120756693394622
Luzern,3,"Kultur, Sport und Freizeit, Kirche",887.6513702983494,mittel,0.0654324413081964,0.06677799418173824,-0.020149644954592
Luzern,4,Gesundheit,1861.9427448521294,mittel,0.13725147445084232,0.1338791066630749,0.0251896496161604
Luzern,5,Soziale Sicherheit,3182.0788399452986,mittel,0.23456414747919824,0.21296686142016943,0.10141148681540081
Luzern,6,Verkehr und Nachrichtenübermittlung,1290.8184462370923,mittel,0.09515154828697826,0.09672062575965465,-0.01622278040854963
Lyss,0,Allgemeine Verwaltung,1298.066442043754,klein,0.07611214514043955,0.08491773690024637,-0.10369555385291089
Lyss,1,"Öffentliche Ordnung und Sicherheit, Verteidigung",1255.7265908802642,klein,0.07362954733758262,0.0644459473909818,0.1425008137576997
Lyss,2,Bildung,4847.011033514688,klein,0.2842045640586299,0.3209423569173297,-0.11446850833766051
Lyss,3,"Kultur, Sport und Freizeit, Kirche",718.1631094123364,klein,0.042109504604432774,0.05110652376824176,-0.1760444362173553
Lyss,4,Gesundheit,2529.672057558533,klein,0.14832735872862163,0.1298954400720156,0.1418981193364999
Lyss,5,Soziale Sicherheit,4214.071504019262,klein,0.2470921453304878,0.19902469271572362,0.24151501986450083
Lyss,6,Verkehr und Nachrichtenübermittlung,1424.086369670531,klein,0.08350132547162142,0.09608122031060676,-0.13092979875065755
Martigny,0,Allgemeine Verwaltung,896.9312934339408,klein,0.05729204371225572,0.08491773690024637,-0.32532300313705725
Martigny,1,"Öffentliche Ordnung und Sicherheit, Verteidigung",1115.585464961208,klein,0.07125871478808196,0.0644459473909818,0.10571289076981581
Martigny,2,Bildung,4512.1317237454605,klein,0.28821521764790553,0.3209423569173297,-0.10197201635761098
Martigny,3,"Kultur, Sport und Freizeit, Kirche",1188.932843702861,klein,0.07594382418253488,0.05110652376824176,0.485990800840329
Martigny,4,Gesundheit,1911.1882691401506,klein,0.12207833828466176,0.1298954400720156,-0.06017995537810975
Martigny,5,Soziale Sicherheit,2849.3029210130226,klein,0.18200099460813252,0.19902469271572362,-0.08553560804591649
Martigny,6,Verkehr und Nachrichtenübermittlung,1948.5850235856904,klein,0.12446707921284096,0.09608122031060676,0.295436078043865
Mendrisio,0,Allgemeine Verwaltung,1445.2004837936447,klein,0.10597755785855337,0.08491773690024637,0.24800261673301724
Mendrisio,1,"Öffentliche Ordnung und Sicherheit, Verteidigung",1327.508045989322,klein,0.09734708943788077,0.0644459473909818,0.5105230565902575
Mendrisio,2,Bildung,3049.687076718181,klein,0.22363567702038764,0.3209423569173297,-0.30319051941781217
Mendrisio,3,"Kultur, Sport und Freizeit, Kirche",619.3712665358645,klein,0.045418926281374325,0.05110652376824176,-0.11128906972150163
Mendrisio,4,Gesundheit,2030.9658179385215,klein,0.14893213771581934,0.1298954400720156,0.14655401015809005
Mendrisio,5,Soziale Sicherheit,2934.138430103422,klein,0.2151624143004994,0.19902469271572362,0.08108401708639264
Mendrisio,6,Verkehr und Nachrichtenübermittlung,1423.1131300725374,klein,0.10435787682940198,0.09608122031060676,0.08614229182392609
Monthey,0,Allgemeine Verwaltung,1311.7046685924167,klein,0.08060941834414925,0.08491773690024637,-0.05073520224824336
Monthey,1,"Öffentliche Ordnung und Sicherheit, Verteidigung",1228.1184099980126,klein,0.07547271352926976,0.0644459473909818,0.17110100145460783
Monthey,2,Bildung,4376.358796920994,klein,0.2689444853952253,0.3209423569173297,-0.16201623251460798
Monthey,3,"Kultur, Sport und Freizeit, Kirche",1544.7740153764055,klein,0.09493244770278453,0.05110652376824176,0.8575406954557286
Monthey,4,Gesundheit,2026.2761678556278,klein,0.12452265148276852,0.1298954400720156,-0.04136241107669625
Monthey,5,Soziale Sicherheit,2977.2878039401603,klein,0.18296606230447113,0.19902469271572362,-0.08068662331356942
Monthey,6,Verkehr und Nachrichtenübermittlung,1762.8041882592177,klein,0.10833126058984831,0.09608122031060676,0.1274967182935459
Montreux,0,Allgemeine Verwaltung,1351.0382561253384,mittel,0.07977728278505995,0.08655591019109915,-0.0783150150125308
Montreux,1,"Öffentliche Ordnung und Sicherheit, Verteidigung",1095.81917738514,mittel,0.06470688450100841,0.07015981830624264,-0.0777216067098772
Montreux,2,Bildung,4405.647116613444,mittel,0.26014848527031503,0.2794315697395618,-0.06900825303031846
Montreux,3,"Kultur, Sport und Freizeit, Kirche",1098.360438563575,mittel,0.06485694310278636,0.06677799418173824,-0.028767726591542774
Montreux,4,Gesundheit,2765.750316719878,mittel,0.16331443179308555,0.1338791066630749,0.21986496521887228
Montreux,5,Soziale Sicherheit,3807.784799750336,mittel,0.2248453908518736,0.21296686142016943,0.055776421516907385
Montreux,6,Verkehr und Nachrichtenübermittlung,1453.0699790837139,mittel,0.08580214076268784,0.09672062575965465,-0.11288683164745679
Moutier,0,Allgemeine Verwaltung,1347.900676959973,klein,0.0743727169300082,0.08491773690024637,-0.1241792392869054
Moutier,1,"Öffentliche Ordnung und Sicherheit, Verteidigung",1285.0948981691795,klein,0.07090730105225128,0.0644459473909818,0.10026004617590023
Moutier,2,Bildung,5000.89240484869,klein,0.27593276090793467,0.3209423569173297,-0.14024199373904664
Moutier,3,"Kultur, Sport und Freizeit, Kirche",1102.6639103820535,klein,0.06084136040404681,0.05110652376824176,0.19048129119387286
Moutier,4,Gesundheit,2629.1124811165723,klein,0.1450657616525857,0.1298954400720156,0.1167887153864639
Moutier,5,Soziale Sicherheit,4376.832279370788,klein,0.24149917996771852,0.19902469271572362,0.21341315327472063
Moutier,6,Verkehr und Nachrichtenübermittlung,1696.0748338104886,klein,0.09358381938912258,0.09608122031060676,-0.025992602023690994
Neuchâtel,0,Allgemeine Verwaltung,1226.8052467225962,mittel,0.06378806224740875,0.08655591019109915,-0.26304209491210107
Neuchâtel,1,"Öffentliche Ordnung und Sicherheit, Verteidigung",1548.14463853956,mittel,0.08049618864524105,0.07015981830624264,0.14732607051347946
Neuchâtel,2,Bildung,5019.535197995542,mittel,0.2609920560074024,0.2794315697395618,-0.06598937174259001
Neuchâtel,3,"Kultur, Sport und Freizeit, Kirche",1554.0528259921311,mittel,0.080803386409516,0.06677799418173824,0.21003015139399428
Neuchâtel,4,Gesundheit,2983.166666216762,mittel,0.1551105373142066,0.1338791066630749,0.15858658740951642
Neuchâtel,5,Soziale Sicherheit,4461.617512314089,mittel,0.2319829788468235,0.21296686142016943,0.08929143858272175
Neuchâtel,6,Verkehr und Nachrichtenübermittlung,1722.178391463839,mittel,0.08954511951209303,0.09672062575965465,-0.07418796343804014
Olten,0,Allgemeine Verwaltung,1399.2950247728888,mittel,0.08716022666299157,0.08655591019109915,0.006981804830637268
Olten,1,"Öffentliche Ordnung und Sicherheit, Verteidigung",1108.0074198127888,mittel,0.06901630903092328,0.07015981830624264,-0.016298635072400394
Olten,2,Bildung,4767.200444374597,mittel,0.29694257745756153,0.2794315697395618,0.06266653311335042
Olten,3,"Kultur, Sport und Freizeit, Kirche",1209.490327473367,mittel,0.07533754442268853,0.06677799418173824,0.12817920552772555
Olten,4,Gesundheit,2067.515900468396,mittel,0.12878281657823556,0.1338791066630749,-0.03806635861161552
Olten,5,Soziale Sicherheit,3134.194020542396,mittel,0.19522477847772368,0.21296686142016943,-0.08330912529833365
Olten,6,Verkehr und Nachrichtenübermittlung,1691.323947682973,mittel,0.10535032000454647,0.09672062575965465,0.08922289508688798
Payerne,0,Allgemeine Verwaltung,2083.7459150236773,klein,0.11824265198990938,0.08491773690024637,0.392437626179441
Payerne,1,"Öffentliche Ordnung und Sicherheit, Verteidigung",1080.2421640439222,klein,0.061298595643039674,0.0644459473909818,-0.048837077820389894
Payerne,2,Bildung,4741.607730313054,klein,0.2690636457572611,0.3209423569173297,-0.16164494976096855
Payerne,3,"Kultur, Sport und Freizeit, Kirche",1017.450070775437,klein,0.057735443543480994,0.05110652376824176,0.12970789806209682
Payerne,4,Gesundheit,2943.96047684736,klein,0.16705572960029277,0.1298954400720156,0.2860784759470777
Payerne,5,Soziale Sicherheit,3644.6834528155377,klein,0.20681841966310563,0.19902469271572362,0.039159597942523425
Payerne,6,Verkehr und Nachrichtenübermittlung,1382.9913491822142,klein,0.07847816935230784,0.09608122031060676,-0.1832101101692154
Rapperswil-Jona,0,Allgemeine Verwaltung,1085.9580899725229,klein,0.08437011240245963,0.08491773690024637,-0.006448882386373984
Rapperswil-Jona,1,"Öffentliche Ordnung und Sicherheit, Verteidigung",797.0968047671545,klein,0.061927939609113136,0.0644459473909818,-0.039071623334084545
Rapperswil-Jona,2,Bildung,4236.118693522369,klein,0.3291119736781792,0.3209423569173297,0.02545509056305044
Rapperswil-Jona,3,"Kultur, Sport und Freizeit, Kirche",617.7412903494169,klein,0.047993474687167234,0.05110652376824176,-0.06091294910198953
Rapperswil-Jona,4,Gesundheit,1924.0256136059581,klein,0.14948114368691096,0.1298954400720156,0.15078053243467837
Rapperswil-Jona,5,Soziale Sicherheit,2459.3148463160896,klein,0.19106876400909378,0.19902469271572362,-0.039974581033488485
Rapperswil-Jona,6,Verkehr und Nachrichtenübermittlung,1178.6407495432788,klein,0.09157080134059484,0.09608122031060676,-0.04694381436279488
Romanshorn,0,Allgemeine Verwaltung,1409.3956714129586,klein,0.09560304976664298,0.08491773690024637,0.12583134285536535
Romanshorn,1,"Öffentliche Ordnung und Sicherheit, Verteidigung",739.1575248076026,klein,0.05013901707156907,0.0644459473909818,-0.22199891379694053
Romanshorn,2,Bildung,5788.270421149896,klein,0.39263374818031466,0.3209423569173297,0.2233777802082125
Romanshorn,3,"Kultur, Sport und Freizeit, Kirche",557.8895681599739,klein,0.03784313037914908,0.05110652376824176,-0.2595244679375888
Romanshorn,4,Gesundheit,1676.6885408522398,klein,0.11373423465502412,0.1298954400720156,-0.12441703425487069
Romanshorn,5,Soziale Sicherheit,2593.1790044897675,klein,0.17590221571455972,0.19902469271572362,-0.11617893581773209
Romanshorn,6,Verkehr und Nachrichtenübermittlung,1240.3724978616065,klein,0.08413775921658342,0.09608122031060676,-0.12430588470268264
Rorschach,0,Allgemeine Verwaltung,1392.4937276862145,klein,0.08386733998257564,0.08491773690024637,-0.01236958209219161
Rorschach,1,"Öffentliche Ordnung und Sicherheit, Verteidigung",779.6934768798167,klein,0.04695950624950412,0.0644459473909818,-0.27133500009536116
Rorschach,2,Bildung,6059.814334231714,klein,0.3649714888445223,0.3209423569173297,0.13718703990989228
Rorschach,3,"Kultur, Sport und Freizeit, Kirche",633.3272956000171,klein,0.038144139944234566,0.05110652376824176,-0.2536346217322295
Rorschach,4,Gesundheit,2021.592596402482,klein,0.12175680954086877,0.1298954400720156,-0.06265524429983578
Rorschach,5,Soziale Sicherheit,3252.9617691915714,klein,0.1959199134781217,0.19902469271572362,-0.015599970009935477
Rorschach,6,Verkehr und Nachrichtenübermittlung,1839.9651607240755,klein,0.11081772263847028,0.09608122031060676,0.15337547004736274
Sarnen,0,Allgemeine Verwaltung,789.2521986597551,klein,0.07063138588369172,0.08491773690024637,-0.16823753832885294
Sarnen,1,"Öffentliche Ordnung und Sicherheit, Verteidigung",618.7453369287955,klein,0.05537246615285364,0.0644459473909818,-0.14079211502751304
Sarnen,2,Bildung,3840.2603873268818,klein,0.3436707731340419,0.3209423569173297,0.07081775193221598
Sarnen,3,"Kultur, Sport und Freizeit, Kirche",747.8931752677386,klein,0.06693010364978123,0.05110652376824176,0.3096195693781944
Sarnen,4,Gesundheit,1454.7628374414335,klein,0.13018895039515285,0.1298954400720156,0.0022595891200995056
Sarnen,5,Soziale Sicherheit,1821.3553627186611,klein,0.1629958759366999,0.19902469271572362,-0.18102686801021917
Sarnen,6,Verkehr und Nachrichtenübermittlung,916.7628163919467,klein,0.08204250600550327,0.09608122031060676,-0.146112989195181
Schaffhausen,0,Allgemeine Verwaltung,1400.0569901416786,mittel,0.09306220054390078,0.08655591019109915,0.07516864346336338
Schaffhausen,1,"Öffentliche Ordnung und Sicherheit, Verteidigung",1131.7896912810731,mittel,0.07523039416621194,0.07015981830624264,0.0722717929205089
Schaffhausen,2,Bildung,4156.916091838892,mittel,0.2763114371106649,0.2794315697395618,-0.011165999002206262
Schaffhausen,3,"Kultur, Sport und Freizeit, Kirche",961.7360351949468,mittel,0.06392687755414235,0.06677799418173824,-0.042695451735739416
Schaffhausen,4,Gesundheit,1777.4715964574293,mittel,0.11814906059921859,0.1338791066630749,-0.1174944056315159
Schaffhausen,5,Soziale Sicherheit,3501.5040598921373,mittel,0.2327460062850654,0.21296686142016943,0.09287428444500116
Schaffhausen,6,Verkehr und Nachrichtenübermittlung,1406.1531296352532,mittel,0.0934674127317541,0.09672062575965465,-0.033635152816159405
Schwyz,0,Allgemeine Verwaltung,926.2020324529058,klein,0.08281288080388811,0.08491773690024637,-0.024787001787751953
Schwyz,1,"Öffentliche Ordnung und Sicherheit, Verteidigung",660.3570342974339,klein,0.059043347404944345,0.0644459473909818,-0.08383149297597989
Schwyz,2,Bildung,3555.3504091314926,klein,0.3178883216955496,0.3209423569173297,-0.009515837208632395
Schwyz,3,"Kultur, Sport und Freizeit, Kirche",235.13468592536017,klein,0.0210236860167834,0.05110652376824176,-0.5886300912947676
Schwyz,4,Gesundheit,1166.5444176950436,klein,0.1043021937224401,0.1298954400720156,-0.1970295980781642
Schwyz,5,Soziale Sicherheit,2678.672895395888,klein,0.23950348997998425,0.19902469271572362,0.2033858046050517
Schwyz,6,Verkehr und Nachrichtenübermittlung,1412.9477665788752,klein,0.1263334249720143,0.09608122031060676,0.31486074556099175
Sierre,0,Allgemeine Verwaltung,1361.6677089729544,klein,0.08288675216918347,0.08491773690024637,-0.02391708499543176
Sierre,1,"Öffentliche Ordnung und Sicherheit, Verteidigung",1112.584502002519,klein,0.06772468442709384,0.0644459473909818,0.05087576750513938
Sierre,2,Bildung,4602.466829420923,klein,0.2801590468388472,0.3209423569173297,-0.12707362926541893
Sierre,3,"Kultur, Sport und Freizeit, Kirche",1513.8856527477283,klein,0.09215248631138379,0.05110652376824176,0.803145264375201
Sierre,4,Gesundheit,2002.946161556033,klein,0.1219223317165478,0.1298954400720156,-0.061380971888215625
Sierre,5,Soziale Sicherheit,2732.0804689804027,klein,0.16630582868815244,0.19902469271572362,-0.1643960032351618
Sierre,6,Verkehr und Nachrichtenübermittlung,1965.8987929797831,klein,0.1196672029230361,0.09608122031060676,0.24547963208816162
Sion,0,Allgemeine Verwaltung,1064.209144133248,mittel,0.06826364205096508,0.08655591019109915,-0.21133470955071915
Sion,1,"Öffentliche Ordnung und Sicherheit, Verteidigung",1027.2127118229275,mittel,0.06589050776028824,0.07015981830624264,-0.06085122010035954
Sion,2,Bildung,4508.463292309962,mittel,0.28919515123770456,0.2794315697395618,0.03494086765945132
Sion,3,"Kultur, Sport und Freizeit, Kirche",1310.4184660825601,mittel,0.0840567266300751,0.06677799418173824,0.2587488986463458
Sion,4,Gesundheit,1982.726884575724,mittel,0.12718191633632087,0.1338791066630749,-0.05002416354337073
Sion,5,Soziale Sicherheit,2901.8375411866245,mittel,0.18613822319949344,0.21296686142016943,-0.12597564729915833
Sion,6,Verkehr und Nachrichtenübermittlung,1718.6623762130182,mittel,0.11024351172233193,0.09672062575965465,0.13981387999164624
Solothurn,0,Allgemeine Verwaltung,1230.693636378495,mittel,0.07566544739957577,0.08655591019109915,-0.1258199788723761
Solothurn,1,"Öffentliche Ordnung und Sicherheit, Verteidigung",1163.873986131676,mittel,0.071557244853013,0.07015981830624264,0.019917761768861637
Solothurn,2,Bildung,4890.698795189857,mittel,0.30068970984814386,0.2794315697395618,0.07607637221662271
Solothurn,3,"Kultur, Sport und Freizeit, Kirche",1734.8072503494166,mittel,0.10665933654778924,0.06677799418173824,0.5972228254941706
Solothurn,4,Gesundheit,2084.3096049480437,mittel,0.12814742362828274,0.1338791066630749,-0.042812378851740635
Solothurn,5,Soziale Sicherheit,3266.5569671580843,mittel,0.2008342995122167,0.21296686142016943,-0.056969247830609616
Solothurn,6,Verkehr und Nachrichtenübermittlung,1338.0033469853079,mittel,0.08226305790423132,0.09672062575965465,-0.1494776087506876
St. Gallen,0,Allgemeine Verwaltung,1428.9979774352948,mittel,0.08665618811170592,0.08655591019109915,0.0011585334887631873
St. Gallen,1,"Öffentliche Ordnung und Sicherheit, Verteidigung",1028.613608758081,mittel,0.06237638945772197,0.07015981830624264,-0.11093855480848819
St. Gallen,2,Bildung,4705.545900500691,mittel,0.2853500684821774,0.2794315697395618,0.02118049420161022
St. Gallen,3,"Kultur, Sport und Freizeit, Kirche",1047.3261114795953,mittel,0.06351113854868054,0.06677799418173824,-0.048921140460835955
St. Gallen,4,Gesundheit,2085.3371799075812,mittel,0.12645740147423556,0.1338791066630749,-0.05543587325778227
St. Gallen,5,Soziale Sicherheit,3331.8996628536274,mittel,0.2020504776863109,0.21296686142016943,-0.0512586026814812
St. Gallen,6,Verkehr und Nachrichtenübermittlung,1845.5270608489493,mittel,0.11191502204726651,0.09672062575965465,0.157095719431852
Stans,0,Allgemeine Verwaltung,1322.4376438428942,klein,0.11144269671936162,0.08491773690024637,0.3123606538204658
Stans,1,"Öffentliche Ordnung und Sicherheit, Verteidigung",528.4038946925392,klein,0.044528946416278734,0.0644459473909818,-0.3090497041477296
Stans,2,Bildung,4517.600657533087,klein,0.38070120154297327,0.3209423569173297,0.18619806123327193
Stans,3,"Kultur, Sport und Freizeit, Kirche",386.63620965200306,klein,0.03258208963846656,0.05110652376824176,-0.36246711307894747
Stans,4,Gesundheit,1417.545891037808,klein,0.11945753174542204,0.1298954400720156,-0.0803562336045565
Stans,5,Soziale Sicherheit,1923.648785413334,klein,0.1621071580845399,0.19902469271572362,-0.18549223278497798
Stans,6,Verkehr und Nachrichtenübermittlung,1010.9519453187077,klein,0.08519359046118154,0.09608122031060676,-0.11331693971234143
Sursee,0,Allgemeine Verwaltung,1355.4667445968398,klein,0.09991704083240989,0.08491773690024637,0.1766333451606622
Sursee,1,"Öffentliche Ordnung und Sicherheit, Verteidigung",811.4223000918587,klein,0.059813282335244994,0.0644459473909818,-0.07188450543881802
Sursee,2,Bildung,4437.55621135038,klein,0.32711055946819856,0.3209423569173297,0.01921903549944237
Sursee,3,"Kultur, Sport und Freizeit, Kirche",603.0377176482942,klein,0.04445239582448724,0.05110652376824176,-0.13020114562926857
Sursee,4,Gesundheit,1755.335256019955,klein,0.12939299702441656,0.1298954400720156,-0.003868057626352909
Sursee,5,Soziale Sicherheit,2777.3222071401287,klein,0.20472786771180956,0.19902469271572362,0.028655615131294568
Sursee,6,Verkehr und Nachrichtenübermittlung,1200.6591987657298,klein,0.08850553852914028,0.09608122031060676,-0.07884664408899236
Thun,0,Allgemeine Verwaltung,1838.901823485017,mittel,0.10594257258570544,0.08655591019109915,0.22397849380595955
Thun,1,"Öffentliche Ordnung und Sicherheit, Verteidigung",1303.1941205860853,mittel,0.07507945010995896,0.07015981830624264,0.07012036123358358
Thun,2,Bildung,4564.871986487838,mittel,0.26299081092671583,0.2794315697395618,-0.058836440092181475
Thun,3,"Kultur, Sport und Freizeit, Kirche",593.63144074195,mittel,0.034200217323604905,0.06677799418173824,-0.48785198263775303
Thun,4,Gesundheit,2573.9047071657455,mittel,0.14828746308533838,0.1338791066630749,0.10762214345009104
Thun,5,Soziale Sicherheit,4211.733027754641,mittel,0.24264581518489342,0.21296686142016943,0.13935949267792133
Thun,6,Verkehr und Nachrichtenübermittlung,1685.0474420934077,mittel,0.09707873398375182,0.09672062575965465,0.0037025011085747746
Val-de-Travers,0,Allgemeine Verwaltung,1576.5861080324319,klein,0.07789766529372996,0.08491773690024637,-0.08266908496116601
Val-de-Travers,1,"Öffentliche Ordnung und Sicherheit, Verteidigung",1276.5712305858667,klein,0.06307420694445012,0.0644459473909818,-0.02128513121561522
Val-de-Travers,2,Bildung,5959.65080570578,klein,0.2944608488969554,0.3209423569173297,-0.08251172663755184
Val-de-Travers,3,"Kultur, Sport und Freizeit, Kirche",760.577156485034,klein,0.03757941571606775,0.05110652376824176,-0.2646845657810114
Val-de-Travers,4,Gesundheit,3074.6544864523844,klein,0.15191584199510536,0.1298954400720156,0.1695240565094617
Val-de-Travers,5,Soziale Sicherheit,4739.047602068714,klein,0.23415197053696749,0.19902469271572362,0.17649708356247942
Val-de-Travers,6,Verkehr und Nachrichtenübermittlung,1736.550107152587,klein,0.08580133893326201,0.09608122031060676,-0.10699157800153283
Vevey,0,Allgemeine Verwaltung,1611.2476919083333,mittel,0.09214962386075784,0.08655591019109915,0.06462543871711156
Vevey,1,"Öffentliche Ordnung und Sicherheit, Verteidigung",1051.6111308273712,mittel,0.06014318632708495,0.07015981830624264,-0.14276878448338906
Vevey,2,Bildung,4553.56680369737,mittel,0.2604251787560781,0.2794315697395618,-0.06801805179421268
Vevey,3,"Kultur, Sport und Freizeit, Kirche",1434.6756480384538,mittel,0.08205120912995782,0.06677799418173824,0.22871628798333002
Vevey,4,Gesundheit,2858.058662424618,mittel,0.16345657594238633,0.1338791066630749,0.22092670033829237
Vevey,5,Soziale Sicherheit,3942.4779055035146,mittel,0.22547610643352647,0.21296686142016943,0.05873798829517017
Vevey,6,Verkehr und Nachrichtenübermittlung,1247.0111120281197,mittel,0.07131839846887682,0.09672062575965465,-0.26263505939158155
Visp,0,Allgemeine Verwaltung,1092.761423703572,klein,0.06974735310388096,0.08491773690024637,-0.178647999229963
Visp,1,"Öffentliche Ordnung und Sicherheit, Verteidigung",1012.8386134345797,klein,0.06464614404948993,0.0644459473909818,0.0031064274265931125
Visp,2,Bildung,4538.582335477413,klein,0.28968272294122444,0.3209423569173297,-0.09739952767953688
Visp,3,"Kultur, Sport und Freizeit, Kirche",1584.068040631387,klein,0.10110583204523954,0.05110652376824176,0.978335143742803
Visp,4,Gesundheit,1940.0314559434178,klein,0.12382580136451382,0.1298954400720156,-0.04672711146855261
Visp,5,Soziale Sicherheit,2826.8998575767555,klein,0.18043168277982857,0.19902469271572362,-0.0934206187292163
Visp,6,Verkehr und Nachrichtenübermittlung,1499.975576706182,klein,0.09573848776721013,0.09608122031060676,-0.003567112722847007
Wetzikon (ZH),0,Allgemeine Verwaltung,752.7675362975558,klein,0.060691651824541996,0.08491773690024637,-0.28528886849826174
Wetzikon (ZH),1,"Öffentliche Ordnung und Sicherheit, Verteidigung",931.0269851635276,klein,0.07506376523716371,0.0644459473909818,0.16475540008381814
Wetzikon (ZH),2,Bildung,4473.548639612917,klein,0.3606784875327284,0.3209423569173297,0.1238108020302044
Wetzikon (ZH),3,"Kultur, Sport und Freizeit, Kirche",443.0321007338964,klein,0.03571932729337117,0.05110652376824176,-0.3010808667920472
Wetzikon (ZH),4,Gesundheit,1271.0389066915986,klein,0.10247712216680976,0.1298954400720156,-0.2110799108113786
Wetzikon (ZH),5,Soziale Sicherheit,2902.476604031225,klein,0.23401128633569387,0.19902469271572362,0.17579021548820206
Wetzikon (ZH),6,Verkehr und Nachrichtenübermittlung,1030.5186996825228,klein,0.08308525421729787,0.09608122031060676,-0.1352602105936639
Wil (SG),0,Allgemeine Verwaltung,1090.2758831635167,mittel,0.06970087626759672,0.08655591019109915,-0.19473001769942333
Wil (SG),1,"Öffentliche Ordnung und Sicherheit, Verteidigung",834.137323783699,mittel,0.053326046455814485,0.07015981830624264,-0.23993465571632375
Wil (SG),2,Bildung,5382.844831364276,mittel,0.3441229943286969,0.2794315697395618,0.23151079403601169
Wil (SG),3,"Kultur, Sport und Freizeit, Kirche",1322.4173879428326,mittel,0.08454158452416016,0.06677799418173824,0.2660096422494781
Wil (SG),4,Gesundheit,2127.934223509446,mittel,0.13603793526832686,0.1338791066630749,0.016125209220920103
Wil (SG),5,Soziale Sicherheit,3135.714699109407,mittel,0.20046491500750702,0.21296686142016943,-0.05870371723231114
Wil (SG),6,Verkehr und Nachrichtenübermittlung,1151.568788623974,mittel,0.07361930580048229,0.09672062575965465,-0.23884584883246984
Winterthur,0,Allgemeine Verwaltung,683.8478050668818,mittel,0.05408673560307333,0.08655591019109915,-0.3751237150223479
Winterthur,1,"Öffentliche Ordnung und Sicherheit, Verteidigung",1153.6419313228232,mittel,0.09124358615726474,0.07015981830624264,0.3005105822679436
Winterthur,2,Bildung,3690.426647834842,mittel,0.29188238798903166,0.2794315697395618,0.04455766490906658
Winterthur,3,"Kultur, Sport und Freizeit, Kirche",677.6818798313562,mittel,0.05359906164186266,0.06677799418173824,-0.19735442343489293
Winterthur,4,Gesundheit,1392.4418217136226,mittel,0.11013069296364962,0.1338791066630749,-0.17738700452484651
Winterthur,5,Soziale Sicherheit,2799.3461955867406,mittel,0.22140525482473583,0.21296686142016943,0.03962303500316891
Winterthur,6,Verkehr und Nachrichtenübermittlung,1053.2440879313351,mittel,0.08330294268308837,0.09672062575965465,-0.1387261814238927
Wohlen (AG),0,Allgemeine Verwaltung,1306.7506757785195,klein,0.09163845873403434,0.08491773690024637,0.07914391126182344
Wohlen (AG),1,"Öffentliche Ordnung und Sicherheit, Verteidigung",1009.8376004451027,klein,0.07081684593071476,0.0644459473909818,0.09885646495476082
Wohlen (AG),2,Bildung,4890.863584303212,klein,0.34298141875988963,0.3209423569173297,0.0686698448102844
Wohlen (AG),3,"Kultur, Sport und Freizeit, Kirche",556.2283018054821,klein,0.03900660258035549,0.05110652376824176,-0.2367588381232323
Wohlen (AG),4,Gesundheit,1604.6497582079319,klein,0.11252921722233629,0.1298954400720156,-0.1336938605393019
Wohlen (AG),5,Soziale Sicherheit,2802.980092013675,klein,0.19656448644366353,0.19902469271572362,-0.012361311747251975
Wohlen (AG),6,Verkehr und Nachrichtenübermittlung,1374.9310345549793,klein,0.09641974035876812,0.09608122031060676,0.0035232696573483076
Yverdon-les-Bains,0,Allgemeine Verwaltung,1365.3806254616131,klein,0.07702808769511096,0.08491773690024637,-0.09290932016244674
Yverdon-les-Bains,1,"Öffentliche Ordnung und Sicherheit, Verteidigung",1363.5053511870224,klein,0.07692229390502643,0.0644459473909818,0.19359396547238117
Yverdon-les-Bains,2,Bildung,4573.126868930384,klein,0.2579934202462736,0.3209423569173297,-0.19613782760145582
Yverdon-les-Bains,3,"Kultur, Sport und Freizeit, Kirche",1451.0120101563323,klein,0.08185899102471446,0.05110652376824176,0.6017327141233321
Yverdon-les-Bains,4,Gesundheit,2903.013756996868,klein,0.16377381814574096,0.1298954400720156,0.2608126817611365
Yverdon-les-Bains,5,Soziale Sicherheit,3673.089638114271,klein,0.20721772777537037,0.19902469271572362,0.041165922418225996
Yverdon-les-Bains,6,Verkehr und Nachrichtenübermittlung,1590.9898391519212,klein,0.08975585457043686,0.09608122031060676,-0.06583352833906105
Zofingen,0,Allgemeine Verwaltung,1021.1897471415862,klein,0.07484163214892153,0.08491773690024637,-0.11865724546052527
Zofingen,1,"Öffentliche Ordnung und Sicherheit, Verteidigung",873.1020680701611,klein,0.06398848401080721,0.0644459473909818,-0.007098404146334362
Zofingen,2,Bildung,4207.263058300526,klein,0.30834468818792127,0.3209423569173297,-0.03925212256309756
Zofingen,3,"Kultur, Sport und Freizeit, Kirche",746.608638940159,klein,0.0547179495986646,0.05110652376824176,0.07066467378606998
Zofingen,4,Gesundheit,2124.2840755226052,klein,0.15568594162357144,0.1298954400720156,0.1985481671816754
Zofingen,5,Soziale Sicherheit,2633.194619072804,klein,0.1929833154012685,0.19902469271572362,-0.030354913413102463
Zofingen,6,Verkehr und Nachrichtenübermittlung,1429.2196488237655,klein,0.10474559847147442,0.09608122031060676,0.09017764483900059
Zug,0,Allgemeine Verwaltung,952.5916193445377,mittel,0.1301161807771031,0.08655591019109915,0.5032616546903739
Zug,1,"Öffentliche Ordnung und Sicherheit, Verteidigung",577.9654137600571,mittel,0.07894532214283227,0.07015981830624264,0.12522130257295605
Zug,2,Bildung,1967.4975392554863,mittel,0.26874398251836806,0.2794315697395618,-0.03824760112522313
Zug,3,"Kultur, Sport und Freizeit, Kirche",361.49101985104994,mittel,0.049376700291152195,0.06677799418173824,-0.26058425539449304
Zug,4,Gesundheit,600.4481936709986,mittel,0.08201628497292392,0.1338791066630749,-0.38738547771065485
Zug,5,Soziale Sicherheit,1603.5342670343673,mittel,0.21902959288607735,0.21296686142016943,0.028467957059040025
Zug,6,Verkehr und Nachrichtenübermittlung,877.2339450923018,mittel,0.1198229422404332,0.09672062575965465,0.2388561519255109
Zürich,0,Allgemeine Verwaltung,914.4101785586112,gross,0.07372169829666732,0.060907290347478625,0.21039202164604537
Zürich,1,"Öffentliche Ordnung und Sicherheit, Verteidigung",1250.0540054665555,gross,0.10078201928024468,0.09168042046200199,0.09927527352489561
Zürich,2,Bildung,3282.8026590537806,gross,0.26466654994998795,0.25680449083567936,0.03061495960886161
Zürich,3,"Kultur, Sport und Freizeit, Kirche",703.851538094186,gross,0.05674601175023871,0.07552502172054538,-0.24864620416518388
Zürich,4,Gesundheit,1560.3537671613196,gross,0.1257990476878335,0.15929313275471482,-0.21026697439905764
Zürich,5,Soziale Sicherheit,2783.8263063487375,gross,0.22443801247977122,0.2348514027254961,-0.044340336591033584
Zürich,6,Verkehr und Nachrichtenübermittlung,1242.7271029700755,gross,0.1001913087785899,0.0814397184297912,0.23025116872136972
