income;percentage;tax
8800;2.0000;176.00
8900;2.0034;178.30
9000;2.0125;181.15
9100;2.0216;183.95
9200;2.0304;186.80
9300;2.0395;189.65
9400;2.0486;192.55
9500;2.0576;195.45
9600;2.0667;198.40
9700;2.0757;201.35
9800;2.0848;204.30
9900;2.0938;207.30
10000;2.1027;210.25
10100;2.1120;213.30
10200;2.1208;216.30
10300;2.1298;219.35
10400;2.1389;222.45
10500;2.1480;225.55
10600;2.1570;228.65
10700;2.1661;231.75
10800;2.1750;234.90
10900;2.1842;238.10
11000;2.1931;241.25
11100;2.2021;244.45
11200;2.2112;247.65
11300;2.2203;250.90
11400;2.2291;254.10
11500;2.2384;257.40
11600;2.2472;260.70
11700;2.2563;264.00
11800;2.2654;267.30
11900;2.2746;270.70
12000;2.2835;274.00
12100;2.2925;277.40
12200;2.3013;280.75
12300;2.3106;284.20
12400;2.3197;287.65
12500;2.3286;291.10
12600;2.3376;294.55
12700;2.3466;298.00
12800;2.3557;301.55
12900;2.3648;305.05
13000;2.3738;308.60
13100;2.3827;312.15
13200;2.3920;315.75
13300;2.4006;319.30
13400;2.4098;322.90
13500;2.4189;326.55
13600;2.4280;330.20
13700;2.4368;333.85
13800;2.4461;337.55
13900;2.4550;341.25
14000;2.4640;344.95
14100;2.4731;348.70
14200;2.4822;352.45
14300;2.4912;356.25
14400;2.5003;360.05
14500;2.5090;363.80
14600;2.5182;367.65
14700;2.5274;371.55
14800;2.5363;375.35
14900;2.5454;379.25
15000;2.5544;383.15
15100;2.5634;387.05
15200;2.5725;391.00
15300;2.5816;395.00
15400;2.5906;398.95
15500;2.5995;402.90
15600;2.6085;406.95
15700;2.6176;410.95
15800;2.6267;415.00
15900;2.6357;419.10
16000;2.6448;423.15
16100;2.6538;427.25
16200;2.6627;431.35
16300;2.6718;435.50
16400;2.6808;439.65
16500;2.6899;443.85
16600;2.6989;448.00
16700;2.7078;452.20
16800;2.7168;456.40
16900;2.7259;460.70
17000;2.7350;464.95
17100;2.7440;469.20
17200;2.7531;473.55
17300;2.7621;477.85
17400;2.7712;482.20
17500;2.7802;486.55
17600;2.7893;490.90
17700;2.7984;495.30
17800;2.8081;499.85
17900;2.8182;504.45
18000;2.8284;509.10
18100;2.8387;513.80
18200;2.8488;518.50
18300;2.8590;523.20
18400;2.8691;527.90
18500;2.8794;532.70
18600;2.8895;537.45
18700;2.8997;542.25
18800;2.9098;547.05
18900;2.9201;551.90
19000;2.9300;556.70
19100;2.9404;561.60
19200;2.9505;566.50
19300;2.9606;571.40
19400;2.9708;576.35
19500;2.9811;581.30
19600;2.9912;586.30
19700;3.0012;591.25
19800;3.0113;596.25
19900;3.0214;601.25
20000;3.0318;606.35
20100;3.0419;611.40
20200;3.0520;616.50
20300;3.0621;621.60
20400;3.0723;626.75
20500;3.0826;631.95
20600;3.0929;637.15
20700;3.1028;642.30
20800;3.1132;647.55
20900;3.1231;652.75
21000;3.1332;657.95
21100;3.1436;663.30
21200;3.1537;668.60
21300;3.1636;673.85
21400;3.1740;679.25
21500;3.1841;684.60
21600;3.1942;689.95
21700;3.2045;695.40
21800;3.2147;700.80
21900;3.2248;706.25
22000;3.2351;711.70
22100;3.2450;717.15
22200;3.2552;722.65
22300;3.2655;728.20
22400;3.2756;733.75
22500;3.2858;739.30
22600;3.2959;744.85
22700;3.3060;750.45
22800;3.3162;756.10
22900;3.3265;761.75
23000;3.3366;767.40
23100;3.3467;773.10
23200;3.3567;778.75
23300;3.3670;784.50
23400;3.3773;790.30
23500;3.3873;796.00
23600;3.3976;801.85
23700;3.4077;807.60
23800;3.4178;813.45
23900;3.4280;819.30
24000;3.4381;825.15
24100;3.4484;831.05
24200;3.4586;837.00
24300;3.4685;842.85
24400;3.4786;848.80
24500;3.4889;854.80
24600;3.4989;860.75
24700;3.5092;866.75
24800;3.5195;872.85
24900;3.5297;878.90
25000;3.5396;884.90
25100;3.5499;891.00
25200;3.5600;897.10
25300;3.5704;903.30
25400;3.5803;909.40
25500;3.5904;915.55
25600;3.6006;921.75
25700;3.6109;928.00
25800;3.6210;934.20
25900;3.6312;940.50
26000;3.6413;946.75
26100;3.6516;953.05
26200;3.6617;959.35
26300;3.6719;965.70
26400;3.6820;972.05
26500;3.6923;978.45
26600;3.7022;984.80
26700;3.7126;991.25
26800;3.7227;997.70
26900;3.7326;1004.05
27000;3.7430;1010.60
27100;3.7533;1017.15
27200;3.7634;1023.65
27300;3.7736;1030.20
27400;3.7835;1036.70
27500;3.7936;1043.25
27600;3.8040;1049.90
27700;3.8141;1056.50
27800;3.8242;1063.15
27900;3.8343;1069.75
28000;3.8445;1076.45
28100;3.8546;1083.15
28200;3.8651;1089.95
28300;3.8750;1096.65
28400;3.8852;1103.40
28500;3.8953;1110.15
28600;3.9056;1117.00
28700;3.9156;1123.80
28800;3.9257;1130.60
28900;3.9358;1137.45
29000;3.9462;1144.40
29100;3.9563;1151.30
29200;3.9664;1158.20
29300;3.9765;1165.10
29400;3.9869;1172.15
29500;3.9970;1179.10
29600;4.0073;1186.15
29700;4.0173;1193.15
29800;4.0274;1200.15
29900;4.0375;1207.20
30000;4.0478;1214.35
30100;4.0580;1221.45
30200;4.0681;1228.55
30300;4.0780;1235.65
30400;4.0884;1242.85
30500;4.0985;1250.05
30600;4.1090;1257.35
30700;4.1189;1264.50
30800;4.1291;1271.75
30900;4.1392;1279.00
31000;4.1495;1286.35
31100;4.1595;1293.60
31200;4.1698;1301.00
31300;4.1799;1308.30
31400;4.1900;1315.65
31500;4.2002;1323.05
31600;4.2103;1330.45
31700;4.2204;1337.85
31800;4.2306;1345.35
31900;4.2409;1352.85
32000;4.2508;1360.25
32100;4.2612;1367.85
32200;4.2710;1375.25
32300;4.2814;1382.90
32400;4.2917;1390.50
32500;4.3019;1398.10
32600;4.3120;1405.70
32700;4.3221;1413.35
32800;4.3322;1420.95
32900;4.3426;1428.70
33000;4.3527;1436.40
33100;4.3626;1444.00
33200;4.3728;1451.75
33300;4.3831;1459.55
33400;4.3930;1467.25
33500;4.4036;1475.20
33600;4.4135;1482.95
33700;4.4236;1490.75
33800;4.4339;1498.65
33900;4.4441;1506.55
34000;4.4542;1514.45
34100;4.4645;1522.40
34200;4.4744;1530.25
34300;4.4848;1538.30
34400;4.4949;1546.25
34500;4.5050;1554.25
34600;4.5150;1562.20
34700;4.5255;1570.35
34800;4.5356;1578.40
34900;4.5458;1586.50
35000;4.5557;1594.50
35100;4.5658;1602.60
35200;4.5761;1610.80
35300;4.5863;1618.95
35400;4.5964;1627.15
35500;4.6061;1635.15
35600;4.6156;1643.15
35700;4.6253;1651.25
35800;4.6350;1659.35
35900;4.6447;1667.45
36000;4.6542;1675.50
36100;4.6638;1683.65
36200;4.6734;1691.75
36300;4.6831;1699.95
36400;4.6927;1708.15
36500;4.7020;1716.25
36600;4.7119;1724.55
36700;4.7214;1732.75
36800;4.7309;1740.95
36900;4.7406;1749.30
37000;4.7501;1757.55
37100;4.7598;1765.90
37200;4.7695;1774.25
37300;4.7790;1782.55
37400;4.7887;1790.95
37500;4.7979;1799.20
37600;4.8077;1807.70
37700;4.8174;1816.15
37800;4.8271;1824.65
37900;4.8363;1832.95
38000;4.8462;1841.55
38100;4.8557;1850.00
38200;4.8654;1858.60
38300;4.8751;1867.15
38400;4.8846;1875.70
38500;4.8941;1884.25
38600;4.9038;1892.85
38700;4.9131;1901.35
38800;4.9230;1910.10
38900;4.9325;1918.75
39000;4.9420;1927.40
39100;4.9517;1936.10
39200;4.9613;1944.85
39300;4.9708;1953.50
39400;4.9805;1962.30
39500;4.9902;1971.15
39600;4.9997;1979.90
39700;5.0094;1988.75
39800;5.0187;1997.45
39900;5.0284;2006.35
40000;5.0381;2015.25
40100;5.0478;2024.15
40200;5.0573;2033.05
40300;5.0668;2041.90
40400;5.0763;2050.85
40500;5.0860;2059.85
40600;5.0957;2068.85
40700;5.1052;2077.80
40800;5.1148;2086.85
40900;5.1243;2095.85
41000;5.1338;2104.85
41100;5.1437;2114.05
41200;5.1532;2123.10
41300;5.1627;2132.20
41400;5.1724;2141.35
41500;5.1821;2150.55
41600;5.1916;2159.70
41700;5.2011;2168.85
41800;5.2108;2178.10
41900;5.2205;2187.40
42000;5.2300;2196.60
42100;5.2395;2205.85
42200;5.2491;2215.10
42300;5.2588;2224.45
42400;5.2683;2233.75
42500;5.2781;2243.20
42600;5.2877;2252.55
42700;5.2970;2261.80
42800;5.3067;2271.25
42900;5.3164;2280.75
43000;5.3259;2290.15
43100;5.3356;2299.65
43200;5.3449;2309.00
43300;5.3546;2318.55
43400;5.3643;2328.10
43500;5.3740;2337.70
43600;5.3835;2347.20
43700;5.3931;2356.80
43800;5.4027;2366.40
43900;5.4123;2376.00
44000;5.4220;2385.70
44100;5.4313;2395.20
44200;5.4412;2405.00
44300;5.4505;2414.55
44400;5.4602;2424.35
44500;5.4699;2434.10
44600;5.4794;2443.80
44700;5.4891;2453.65
44800;5.4988;2463.45
44900;5.5083;2473.25
45000;5.5180;2483.10
45100;5.5274;2492.85
45200;5.5369;2502.70
45300;5.5467;2512.65
45400;5.5564;2522.60
45500;5.5658;2532.45
45600;5.5755;2542.45
45700;5.5850;2552.35
45800;5.5945;2562.30
45900;5.6044;2572.40
46000;5.6139;2582.40
46100;5.6234;2592.40
46200;5.6331;2602.50
46300;5.6424;2612.45
46400;5.6523;2622.65
46500;5.6618;2632.75
46600;5.6713;2642.85
46700;5.6810;2653.05
46800;5.6906;2663.20
46900;5.7002;2673.40
47000;5.7098;2683.60
47100;5.7195;2693.90
47200;5.7290;2704.10
47300;5.7387;2714.40
47400;5.7480;2724.55
47500;5.7577;2734.90
47600;5.7674;2745.30
47700;5.7769;2755.60
47800;5.7866;2766.00
47900;5.7961;2776.35
48000;5.8056;2786.70
48100;5.8153;2797.15
48200;5.8250;2807.65
48300;5.8347;2818.15
48400;5.8442;2828.60
48500;5.8536;2839.00
48600;5.8631;2849.45
48700;5.8730;2860.15
48800;5.8827;2870.75
48900;5.8920;2881.20
49000;5.9017;2891.85
49100;5.9114;2902.50
49200;5.9209;2913.10
49300;5.9306;2923.80
49400;5.9401;2934.40
49500;5.9498;2945.15
49600;5.9592;2955.75
49700;5.9688;2966.50
49800;5.9785;2977.30
49900;5.9881;2988.05
50000;5.9976;2998.80
50100;6.0074;3009.70
50200;6.0170;3020.55
50300;6.0263;3031.25
50400;6.0360;3042.15
50500;6.0455;3053.00
50600;6.0554;3064.05
50700;6.0649;3074.90
50800;6.0742;3085.70
50900;6.0839;3096.70
51000;6.0936;3107.75
51100;6.1031;3118.70
51200;6.1130;3129.85
51300;6.1224;3140.80
51400;6.1320;3151.85
51500;6.1416;3162.90
51600;6.1513;3174.05
51700;6.1608;3185.15
51800;6.1705;3196.30
51900;6.1798;3207.30
52000;6.1895;3218.55
52100;6.1992;3229.80
52200;6.2087;3240.95
52300;6.2184;3252.20
52400;6.2281;3263.50
52500;6.2376;3274.75
52600;6.2473;3286.10
52700;6.2567;3297.30
52800;6.2663;3308.60
52900;6.2760;3320.00
53000;6.2856;3331.35
53100;6.2951;3342.70
53200;6.3039;3353.65
53300;6.3118;3364.20
53400;6.3196;3374.65
53500;6.3277;3385.30
53600;6.3356;3395.90
53700;6.3434;3406.40
53800;6.3514;3417.05
53900;6.3592;3427.60
54000;6.3672;3438.30
54100;6.3750;3448.90
54200;6.3829;3459.55
54300;6.3909;3470.25
54400;6.3987;3480.90
54500;6.4065;3491.55
54600;6.4145;3502.30
54700;6.4225;3513.10
54800;6.4303;3523.80
54900;6.4383;3534.65
55000;6.4462;3545.40
55100;6.4540;3556.15
55200;6.4618;3566.90
55300;6.4698;3577.80
55400;6.4778;3588.70
55500;6.4858;3599.60
55600;6.4935;3610.40
55700;6.5015;3621.35
55800;6.5093;3632.20
55900;6.5174;3643.25
56000;6.5253;3654.15
56100;6.5331;3665.05
56200;6.5408;3675.95
56300;6.5489;3687.05
56400;6.5568;3698.05
56500;6.5646;3709.00
56600;6.5726;3720.10
56700;6.5806;3731.20
56800;6.5884;3742.20
56900;6.5964;3753.35
57000;6.6041;3764.35
57100;6.6122;3775.55
57200;6.6200;3786.65
57300;6.6279;3797.80
57400;6.6359;3809.00
57500;6.6437;3820.15
57600;6.6515;3831.25
57700;6.6597;3842.65
57800;6.6675;3853.80
57900;6.6753;3865.00
58000;6.6832;3876.25
58100;6.6910;3887.45
58200;6.6990;3898.80
58300;6.7070;3910.20
58400;6.7148;3921.45
58500;6.7227;3932.80
58600;6.7306;3944.15
58700;6.7383;3955.40
58800;6.7466;3967.00
58900;6.7543;3978.30
59000;6.7623;3989.75
59100;6.7701;4001.15
59200;6.7781;4012.65
59300;6.7859;4024.05
59400;6.7939;4035.60
59500;6.8016;4046.95
59600;6.8096;4058.50
59700;6.8176;4070.10
59800;6.8254;4081.60
59900;6.8333;4093.15
60000;6.8414;4104.85
60100;6.8492;4116.35
60200;6.8572;4128.05
60300;6.8650;4139.60
60400;6.8729;4151.25
60500;6.8809;4162.95
60600;6.8887;4174.55
60700;6.8965;4186.20
60800;6.9045;4197.95
60900;6.9124;4209.65
61000;6.9202;4221.30
61100;6.9282;4233.15
61200;6.9363;4245.00
61300;6.9440;4256.65
61400;6.9520;4268.55
61500;6.9598;4280.30
61600;6.9678;4292.15
61700;6.9756;4303.95
61800;6.9835;4315.80
61900;6.9915;4327.75
62000;6.9993;4339.55
62100;7.0071;4351.40
62200;7.0151;4363.40
62300;7.0230;4375.35
62400;7.0309;4387.30
62500;7.0389;4399.30
62600;7.0468;4411.30
62700;7.0546;4423.25
62800;7.0624;4435.20
62900;7.0704;4447.30
63000;7.0784;4459.40
63100;7.0864;4471.50
63200;7.0941;4483.45
63300;7.1021;4495.65
63400;7.1099;4507.70
63500;7.1179;4519.85
63600;7.1259;4532.05
63700;7.1337;4544.15
63800;7.1415;4556.30
63900;7.1495;4568.55
64000;7.1572;4580.60
64100;7.1653;4592.95
64200;7.1732;4605.20
64300;7.1812;4617.50
64400;7.1890;4629.70
64500;7.1970;4642.05
64600;7.2048;4654.30
64700;7.2128;4666.70
64800;7.2206;4678.95
64900;7.2286;4691.35
65000;7.2365;4703.75
65100;7.2443;4716.05
65200;7.2520;4728.30
65300;7.2603;4741.00
65400;7.2681;4753.35
65500;7.2759;4765.70
65600;7.2838;4778.15
65700;7.2916;4790.60
65800;7.2996;4803.15
65900;7.3076;4815.70
66000;7.3156;4828.30
66100;7.3233;4840.70
66200;7.3312;4853.25
66300;7.3389;4865.70
66400;7.3471;4878.45
66500;7.3550;4891.10
66600;7.3627;4903.55
66700;7.3707;4916.25
66800;7.3787;4928.95
66900;7.3865;4941.55
67000;7.3945;4954.30
67100;7.4024;4967.00
67200;7.4102;4979.65
67300;7.4182;4992.45
67400;7.4260;5005.10
67500;7.4340;5017.95
67600;7.4418;5030.65
67700;7.4498;5043.50
67800;7.4578;5056.40
67900;7.4656;5069.15
68000;7.4735;5082.00
68100;7.4813;5094.75
68200;7.4893;5107.70
68300;7.4971;5120.50
68400;7.5053;5133.65
68500;7.5128;5146.25
68600;7.5208;5159.25
68700;7.5288;5172.30
68800;7.5368;5185.30
68900;7.5446;5198.25
69000;7.5526;5211.30
69100;7.5604;5224.25
69200;7.5684;5237.35
69300;7.5762;5250.30
69400;7.5841;5263.35
69500;7.5921;5276.50
69600;7.5999;5289.55
69700;7.6077;5302.55
69800;7.6157;5315.75
69900;7.6236;5328.90
70000;7.6314;5342.00
70100;7.6395;5355.30
70200;7.6474;5368.45
70300;7.6553;5381.70
70400;7.6630;5394.75
70500;7.6709;5408.00
70600;7.6790;5421.35
70700;7.6870;5434.70
70800;7.6947;5447.85
70900;7.7025;5461.05
71000;7.7098;5473.95
71100;7.7172;5486.95
71200;7.7246;5499.90
71300;7.7319;5512.85
71400;7.7391;5525.70
71500;7.7465;5538.75
71600;7.7537;5551.65
71700;7.7611;5564.70
71800;7.7685;5577.80
71900;7.7758;5590.80
72000;7.7832;5603.90
72100;7.7906;5617.00
72200;7.7979;5630.10
72300;7.8052;5643.15
72400;7.8126;5656.30
72500;7.8200;5669.50
72600;7.8274;5682.70
72700;7.8346;5695.75
72800;7.8417;5708.75
72900;7.8492;5722.05
73000;7.8567;5735.40
73100;7.8639;5748.50
73200;7.8713;5761.80
73300;7.8785;5774.95
73400;7.8859;5788.25
73500;7.8933;5801.60
73600;7.9007;5814.90
73700;7.9080;5828.20
73800;7.9152;5841.40
73900;7.9224;5854.65
74000;7.9300;5868.20
74100;7.9374;5881.60
74200;7.9445;5894.80
74300;7.9519;5908.25
74400;7.9594;5921.80
74500;7.9666;5935.10
74600;7.9740;5948.60
74700;7.9813;5962.05
74800;7.9887;5975.55
74900;7.9960;5989.00
75000;8.0033;6002.50
75100;8.0107;6016.05
75200;8.0180;6029.55
75300;8.0253;6043.05
75400;8.0328;6056.75
75500;8.0401;6070.30
75600;8.0474;6083.85
75700;8.0546;6097.35
75800;8.0621;6111.05
75900;8.0695;6124.75
76000;8.0769;6138.45
76100;8.0840;6151.90
76200;8.0913;6165.55
76300;8.0987;6179.30
76400;8.1061;6193.05
76500;8.1134;6206.75
76600;8.1208;6220.55
76700;8.1281;6234.25
76800;8.1355;6248.05
76900;8.1428;6261.80
77000;8.1501;6275.60
77100;8.1575;6289.45
77200;8.1648;6303.25
77300;8.1720;6316.95
77400;8.1794;6330.85
77500;8.1869;6344.85
77600;8.1940;6358.55
77700;8.2015;6372.55
77800;8.2088;6386.45
77900;8.2162;6400.40
78000;8.2235;6414.35
78100;8.2308;6428.25
78200;8.2382;6442.25
78300;8.2456;6456.30
78400;8.2528;6470.20
78500;8.2602;6484.25
78600;8.2675;6498.25
78700;8.2747;6512.20
78800;8.2823;6526.45
78900;8.2897;6540.55
79000;8.2968;6554.45
79100;8.3042;6568.60
79200;8.3115;6582.70
79300;8.3188;6596.80
79400;8.3263;6611.10
79500;8.3335;6625.15
79600;8.3409;6639.35
79700;8.3483;6653.60
79800;8.3556;6667.75
79900;8.3630;6682.05
80000;8.3703;6696.25
80100;8.3777;6710.55
80200;8.3850;6724.75
80300;8.3924;6739.10
80400;8.3995;6753.20
80500;8.4069;6767.55
80600;8.4142;6781.85
80700;8.4216;6796.25
80800;8.4290;6810.65
80900;8.4362;6824.90
81000;8.4436;6839.30
81100;8.4509;6853.70
81200;8.4584;6868.20
81300;8.4657;6882.60
81400;8.4730;6897.00
81500;8.4801;6911.30
81600;8.4877;6925.95
81700;8.4950;6940.40
81800;8.5024;6954.95
81900;8.5096;6969.35
82000;8.5171;6984.00
82100;8.5242;6998.35
82200;8.5317;7013.05
82300;8.5390;7027.60
82400;8.5464;7042.25
82500;8.5537;7056.80
82600;8.5610;7071.40
82700;8.5684;7086.05
82800;8.5757;7100.70
82900;8.5830;7115.30
83000;8.5905;7130.10
83100;8.5978;7144.75
83200;8.6052;7159.55
83300;8.6123;7174.05
83400;8.6198;7188.90
83500;8.6270;7203.55
83600;8.6346;7218.55
83700;8.6417;7233.10
83800;8.6490;7247.85
83900;8.6564;7262.70
84000;8.6637;7277.50
84100;8.6711;7292.40
84200;8.6785;7307.30
84300;8.6858;7322.15
84400;8.6932;7337.05
84500;8.7005;7351.90
84600;8.7078;7366.80
84700;8.7152;7381.75
84800;8.7225;7396.70
84900;8.7297;7411.50
85000;8.7371;7426.55
85100;8.7446;7441.65
85200;8.7517;7456.45
85300;8.7592;7471.60
85400;8.7665;7486.60
85500;8.7738;7501.60
85600;8.7812;7516.70
85700;8.7885;7531.75
85800;8.7959;7546.90
85900;8.8032;7561.95
86000;8.8105;7577.05
86100;8.8180;7592.30
86200;8.8252;7607.30
86300;8.8324;7622.35
86400;8.8398;7637.60
86500;8.8474;7653.00
86600;8.8545;7668.00
86700;8.8619;7683.25
86800;8.8692;7698.45
86900;8.8766;7713.75
87000;8.8839;7729.00
87100;8.8912;7744.25
87200;8.8986;7759.60
87300;8.9060;7774.95
87400;8.9132;7790.15
87500;8.9207;7805.60
87600;8.9279;7820.85
87700;8.9354;7836.35
87800;8.9427;7851.70
87900;8.9501;7867.15
88000;8.9574;7882.50
88100;8.9646;7897.80
88200;8.9719;7913.20
88300;8.9793;7928.70
88400;8.9867;7944.25
88500;8.9940;7959.70
88600;9.0015;7975.35
88700;9.0099;7991.80
88800;9.0185;8008.45
88900;9.0270;8025.00
89000;9.0354;8041.50
89100;9.0438;8058.05
89200;9.0524;8074.75
89300;9.0606;8091.10
89400;9.0693;8107.95
89500;9.0777;8124.55
89600;9.0863;8141.30
89700;9.0945;8157.75
89800;9.1032;8174.65
89900;9.1116;8191.35
90000;9.1200;8208.00
90100;9.1286;8224.85
90200;9.1371;8241.65
90300;9.1455;8258.40
90400;9.1541;8275.30
90500;9.1622;8291.80
90600;9.1710;8308.95
90700;9.1794;8325.70
90800;9.1878;8342.50
90900;9.1964;8359.55
91000;9.2048;8376.35
91100;9.2132;8393.25
91200;9.2219;8410.35
91300;9.2303;8427.25
91400;9.2385;8444.00
91500;9.2471;8461.10
91600;9.2555;8478.05
91700;9.2640;8495.10
91800;9.2727;8512.35
91900;9.2810;8529.25
92000;9.2895;8546.35
92100;9.2979;8563.35
92200;9.3063;8580.40
92300;9.3149;8597.65
92400;9.3233;8614.75
92500;9.3317;8631.80
92600;9.3402;8649.05
92700;9.3486;8666.15
92800;9.3570;8683.30
92900;9.3656;8700.65
93000;9.3741;8717.90
93100;9.3825;8735.10
93200;9.3911;8752.50
93300;9.3995;8769.75
93400;9.4080;8787.05
93500;9.4164;8804.35
93600;9.4248;8821.60
93700;9.4335;8839.20
93800;9.4418;8856.40
93900;9.4502;8873.75
94000;9.4587;8891.20
94100;9.4673;8908.75
94200;9.4757;8926.10
94300;9.4842;8943.60
94400;9.4926;8961.00
94500;9.5012;8978.65
94600;9.5096;8996.10
94700;9.5181;9013.65
94800;9.5265;9031.10
94900;9.5351;9048.80
95000;9.5433;9066.15
95100;9.5520;9083.95
95200;9.5604;9101.50
95300;9.5688;9119.05
95400;9.5774;9136.85
95500;9.5859;9154.55
95600;9.5943;9172.15
95700;9.6027;9189.80
95800;9.6110;9207.35
95900;9.6197;9225.30
96000;9.6282;9243.05
96100;9.6366;9260.75
96200;9.6450;9278.50
96300;9.6534;9296.20
96400;9.6620;9314.15
96500;9.6705;9332.05
96600;9.6791;9350.00
96700;9.6873;9367.60
96800;9.6960;9385.75
96900;9.7041;9403.25
97000;9.7127;9421.30
97100;9.7214;9439.50
97200;9.7298;9457.35
97300;9.7380;9475.05
97400;9.7467;9493.30
97500;9.7551;9511.20
97600;9.7635;9529.20
97700;9.7721;9547.35
97800;9.7806;9565.45
97900;9.7890;9583.45
98000;9.7974;9601.45
98100;9.8058;9619.50
98200;9.8144;9637.75
98300;9.8229;9655.90
98400;9.8313;9674.00
98500;9.8399;9692.30
98600;9.8483;9710.40
98700;9.8567;9728.55
98800;9.8652;9746.80
98900;9.8738;9765.20
99000;9.8822;9783.40
99100;9.8906;9801.60
99200;9.8990;9819.80
99300;9.9075;9838.15
99400;9.9161;9856.60
99500;9.9245;9874.90
99600;9.9330;9893.25
99700;9.9414;9911.60
99800;9.9498;9929.90
99900;9.9584;9948.45
100000;9.9668;9966.80
100100;9.9753;9985.30
100200;9.9837;10003.65
100300;9.9921;10022.10
100400;10.0005;10040.50
100500;10.0091;10059.15
100600;10.0176;10077.70
100700;10.0260;10096.20
100800;10.0346;10114.90
100900;10.0431;10133.50
101000;10.0514;10151.90
101100;10.0599;10170.55
101200;10.0685;10189.30
101300;10.0770;10208.00
101400;10.0853;10226.50
101500;10.0937;10245.10
101600;10.1022;10263.85
101700;10.1108;10282.70
101800;10.1192;10301.35
101900;10.1277;10320.15
102000;10.1361;10338.80
102100;10.1447;10357.75
102200;10.1531;10376.45
102300;10.1616;10395.30
102400;10.1700;10414.10
102500;10.1786;10433.05
102600;10.1868;10451.65
102700;10.1955;10470.80
102800;10.2039;10489.60
102900;10.2122;10508.35
103000;10.2209;10527.55
103100;10.2294;10546.50
103200;10.2378;10565.40
103300;10.2464;10584.55
103400;10.2546;10603.25
103500;10.2630;10622.20
103600;10.2717;10641.50
103700;10.2801;10660.45
103800;10.2885;10679.45
103900;10.2969;10698.50
104000;10.3055;10717.70
104100;10.3140;10736.85
104200;10.3226;10756.15
104300;10.3308;10775.00
104400;10.3394;10794.35
104500;10.3478;10813.45
104600;10.3562;10832.60
104700;10.3649;10852.05
104800;10.3731;10871.00
104900;10.3815;10890.20
105000;10.3902;10909.70
105100;10.3986;10928.95
105200;10.4070;10948.15
105300;10.4156;10967.65
105400;10.4241;10987.00
105500;10.4325;11006.30
105600;10.4411;11025.80
105700;10.4493;11044.90
105800;10.4579;11064.45
105900;10.4664;11083.90
106000;10.4748;11103.30
106100;10.4834;11122.90
106200;10.4918;11142.30
106300;10.5000;11161.50
106400;10.5075;11180.00
106500;10.5150;11198.50
106600;10.5224;11216.90
106700;10.5295;11235.00
106800;10.5368;11253.30
106900;10.5442;11271.75
107000;10.5516;11290.20
107100;10.5589;11308.60
107200;10.5663;11327.05
107300;10.5736;11345.45
107400;10.5809;11363.90
107500;10.5883;11382.40
107600;10.5956;11400.85
107700;10.6030;11419.45
107800;10.6102;11437.80
107900;10.6175;11456.30
108000;10.6248;11474.80
108100;10.6323;11493.50
108200;10.6395;11511.95
108300;10.6469;11530.60
108400;10.6543;11549.25
108500;10.6617;11567.95
108600;10.6690;11586.55
108700;10.6763;11605.15
108800;10.6836;11623.75
108900;10.6911;11642.60
109000;10.6983;11661.15
109100;10.7055;11679.70
109200;10.7129;11698.50
109300;10.7204;11717.40
109400;10.7276;11736.00
109500;10.7352;11755.05
109600;10.7423;11773.55
109700;10.7496;11792.30
109800;10.7570;11811.20
109900;10.7644;11830.10
110000;10.7717;11848.85
110100;10.7790;11867.70
110200;10.7863;11886.50
110300;10.7938;11905.55
110400;10.8011;11924.40
110500;10.8084;11943.30
110600;10.8158;11962.25
110700;10.8232;11981.30
110800;10.8305;12000.20
110900;10.8379;12019.25
111000;10.8450;12037.95
111100;10.8523;12056.90
111200;10.8598;12076.10
111300;10.8671;12095.10
111400;10.8744;12114.10
111500;10.8817;12133.10
111600;10.8890;12152.10
111700;10.8964;12171.30
111800;10.9039;12190.55
111900;10.9112;12209.65
112000;10.9185;12228.70
112100;10.9258;12247.80
112200;10.9332;12267.05
112300;10.9404;12286.05
112400;10.9479;12305.45
112500;10.9550;12324.40
112600;10.9625;12343.80
112700;10.9698;12362.95
112800;10.9771;12382.15
112900;10.9845;12401.50
113000;10.9919;12420.85
113100;10.9992;12440.10
113200;11.0066;12459.45
113300;11.0139;12478.75
113400;11.0212;12498.05
113500;11.0285;12517.35
113600;11.0359;12536.80
113700;11.0433;12556.25
113800;11.0507;12575.70
113900;11.0577;12594.70
114000;11.0652;12614.35
114100;11.0725;12633.70
114200;11.0801;12653.45
114300;11.0873;12672.80
114400;11.0946;12692.20
114500;11.1019;12711.70
114600;11.1093;12731.25
114700;11.1166;12750.75
114800;11.1240;12770.35
114900;11.1313;12789.85
115000;11.1386;12809.40
115100;11.1460;12829.05
115200;11.1533;12848.60
115300;11.1605;12868.05
115400;11.1679;12887.75
115500;11.1754;12907.60
115600;11.1825;12926.95
115700;11.1900;12946.85
115800;11.1972;12966.35
115900;11.2046;12986.15
116000;11.2120;13005.90
116100;11.2194;13025.70
116200;11.2267;13045.45
116300;11.2340;13065.15
116400;11.2413;13084.85
116500;11.2488;13104.85
116600;11.2561;13124.60
116700;11.2634;13144.40
116800;11.2706;13164.05
116900;11.2779;13183.85
117000;11.2852;13203.70
117100;11.2929;13224.00
117200;11.3000;13243.60
117300;11.3073;13263.45
117400;11.3147;13283.45
117500;11.3221;13303.45
117600;11.3294;13323.35
117700;11.3368;13343.40
117800;11.3440;13363.25
117900;11.3515;13383.40
118000;11.3588;13403.40
118100;11.3661;13423.35
118200;11.3733;13443.25
118300;11.3809;13463.60
118400;11.3880;13483.40
118500;11.3956;13503.80
118600;11.4029;13523.85
118700;11.4100;13543.65
118800;11.4174;13563.85
118900;11.4248;13584.10
119000;11.4321;13604.20
119100;11.4395;13624.45
119200;11.4467;13644.45
119300;11.4541;13664.75
119400;11.4615;13685.05
119500;11.4689;13705.35
119600;11.4762;13725.55
119700;11.4835;13745.75
119800;11.4909;13766.10
119900;11.4981;13786.20
120000;11.5056;13806.70
120100;11.5127;13826.75
120200;11.5202;13847.30
120300;11.5274;13867.45
120400;11.5348;13887.90
120500;11.5422;13908.35
120600;11.5495;13928.70
120700;11.5569;13949.20
120800;11.5643;13969.65
120900;11.5716;13990.05
121000;11.5790;14010.60
121100;11.5860;14030.65
121200;11.5936;14051.45
121300;11.6010;14072.00
121400;11.6084;14092.60
121500;11.6155;14112.85
121600;11.6229;14133.45
121700;11.6302;14153.95
121800;11.6376;14174.60
121900;11.6450;14195.25
122000;11.6523;14215.80
122100;11.6596;14236.35
122200;11.6669;14256.95
122300;11.6742;14277.55
122400;11.6817;14298.40
122500;11.6890;14319.05
122600;11.6963;14339.65
122700;11.7037;14360.45
122800;11.7110;14381.10
122900;11.7184;14401.90
123000;11.7256;14422.50
123100;11.7331;14443.45
123200;11.7403;14464.05
123300;11.7477;14484.90
123400;11.7549;14505.55
123500;11.7623;14526.45
123600;11.7697;14547.35
123700;11.7770;14568.15
123800;11.7844;14589.10
123900;11.7917;14609.90
124000;11.7990;14630.75
124100;11.8059;14651.10
124200;11.8127;14671.35
124300;11.8196;14691.75
124400;11.8262;14711.80
124500;11.8329;14731.95
124600;11.8396;14752.15
124700;11.8466;14772.70
124800;11.8534;14793.05
124900;11.8600;14813.15
125000;11.8668;14833.50
125100;11.8737;14854.00
125200;11.8804;14874.25
125300;11.8872;14894.65
125400;11.8940;14915.10
125500;11.9008;14935.50
125600;11.9074;14955.70
125700;11.9142;14976.15
125800;11.9211;14996.75
125900;11.9278;15017.10
126000;11.9345;15037.45
126100;11.9415;15058.25
126200;11.9482;15078.65
126300;11.9548;15098.90
126400;11.9616;15119.45
126500;11.9685;15140.15
126600;11.9752;15160.60
126700;11.9820;15181.20
126800;11.9886;15201.55
126900;11.9955;15222.30
127000;12.0023;15242.90
127100;12.0090;15263.45
127200;12.0160;15284.35
127300;12.0226;15304.75
127400;12.0294;15325.45
127500;12.0362;15346.15
127600;12.0430;15366.85
127700;12.0497;15387.45
127800;12.0566;15408.35
127900;12.0632;15428.85
128000;12.0700;15449.60
128100;12.0768;15470.40
128200;12.0836;15491.20
128300;12.0904;15512.00
128400;12.0972;15532.80
128500;12.1040;15553.65
128600;12.1108;15574.50
128700;12.1174;15595.10
128800;12.1241;15615.85
128900;12.1311;15637.00
129000;12.1378;15657.75
129100;12.1445;15678.55
129200;12.1514;15699.60
129300;12.1581;15720.40
129400;12.1648;15741.25
129500;12.1718;15762.50
129600;12.1785;15783.35
129700;12.1852;15804.20
129800;12.1920;15825.20
129900;12.1986;15846.00
130000;12.2056;15867.30
130100;12.2123;15888.20
130200;12.2190;15909.15
130300;12.2259;15930.35
130400;12.2326;15951.30
130500;12.2393;15972.30
130600;12.2462;15993.55
130700;12.2530;16014.65
130800;12.2597;16035.70
130900;12.2666;16057.00
131000;12.2732;16077.90
131100;12.2800;16099.10
131200;12.2868;16120.30
131300;12.2936;16141.50
131400;12.3004;16162.75
131500;12.3072;16183.95
131600;12.3138;16204.95
131700;12.3207;16226.35
131800;12.3275;16247.65
131900;12.3344;16269.05
132000;12.3411;16290.25
132100;12.3477;16311.30
132200;12.3544;16332.50
132300;12.3614;16354.15
132400;12.3681;16375.35
132500;12.3748;16396.60
132600;12.3816;16418.00
132700;12.3885;16439.55
132800;12.3952;16460.85
132900;12.4020;16482.25
133000;12.4088;16503.70
133100;12.4156;16525.15
133200;12.4222;16546.35
133300;12.4290;16567.85
133400;12.4359;16589.50
133500;12.4426;16610.85
133600;12.4493;16632.25
133700;12.4563;16654.05
133800;12.4630;16675.50
133900;12.4697;16696.95
134000;12.4764;16718.40
134100;12.4832;16739.95
134200;12.4901;16761.70
134300;12.4968;16783.20
134400;12.5036;16804.85
134500;12.5103;16826.35
134600;12.5171;16848.00
134700;12.5238;16869.55
134800;12.5308;16891.50
134900;12.5374;16912.95
135000;12.5442;16934.65
135100;12.5510;16956.40
135200;12.5578;16978.15
135300;12.5645;16999.75
135400;12.5714;17021.70
135500;12.5780;17043.20
135600;12.5848;17065.00
135700;12.5916;17086.80
135800;12.5984;17108.65
135900;12.6052;17130.45
136000;12.6120;17152.30
136100;12.6188;17174.20
136200;12.6256;17196.05
136300;12.6323;17217.80
136400;12.6390;17239.60
136500;12.6459;17261.65
136600;12.6526;17283.45
136700;12.6593;17305.25
136800;12.6662;17327.35
136900;12.6729;17349.20
137000;12.6796;17371.05
137100;12.6866;17393.35
137200;12.6934;17415.35
137300;12.7000;17437.10
137400;12.7068;17459.15
137500;12.7136;17481.20
137600;12.7204;17503.25
137700;12.7271;17525.20
137800;12.7338;17547.20
137900;12.7407;17569.45
138000;12.7474;17591.40
138100;12.7541;17613.40
138200;12.7610;17635.70
138300;12.7678;17657.85
138400;12.7745;17679.90
138500;12.7814;17702.25
138600;12.7881;17724.30
138700;12.7948;17746.40
138800;12.8015;17768.50
138900;12.8084;17790.85
139000;12.8152;17813.15
139100;12.8220;17835.40
139200;12.8286;17857.40
139300;12.8355;17879.85
139400;12.8422;17902.05
139500;12.8492;17924.65
139600;12.8559;17946.85
139700;12.8626;17969.05
139800;12.8692;17991.15
139900;12.8762;18013.80
140000;12.8829;18036.05
140100;12.8897;18058.45
140200;12.8964;18080.75
140300;12.9033;18103.35
140400;12.9100;18125.65
140500;12.9168;18148.10
140600;12.9236;18170.60
140700;12.9304;18193.05
140800;12.9371;18215.45
140900;12.9438;18237.80
141000;12.9507;18260.50
141100;12.9574;18282.90
141200;12.9641;18305.30
141300;12.9711;18328.15
141400;12.9778;18350.60
141500;12.9845;18373.05
141600;12.9912;18395.55
141700;12.9980;18418.15
141800;13.0012;18435.70
141900;13.0029;18451.10
142000;13.0046;18466.55
142100;13.0063;18481.95
142200;13.0080;18497.40
142300;13.0096;18512.65
142400;13.0114;18528.25
142500;13.0131;18543.65
142600;13.0147;18558.95
142700;13.0164;18574.40
142800;13.0182;18590.00
142900;13.0198;18605.30
143000;13.0215;18620.75
143100;13.0232;18636.20
143200;13.0249;18651.65
143300;13.0266;18667.10
143400;13.0283;18682.60
143500;13.0300;18698.05
143600;13.0317;18713.50
143700;13.0334;18729.00
143800;13.0351;18744.45
143900;13.0368;18759.95
144000;13.0385;18775.45
144100;13.0401;18790.80
144200;13.0419;18806.40
144300;13.0435;18821.75
144400;13.0453;18837.40
144500;13.0469;18852.75
144600;13.0486;18868.30
144700;13.0503;18883.80
144800;13.0521;18899.45
144900;13.0537;18914.80
145000;13.0554;18930.35
145100;13.0571;18945.85
145200;13.0588;18961.40
145300;13.0605;18976.90
145400;13.0622;18992.45
145500;13.0639;19007.95
145600;13.0656;19023.50
145700;13.0672;19038.90
145800;13.0689;19054.45
145900;13.0706;19070.00
146000;13.0723;19085.55
146100;13.0740;19101.10
146200;13.0757;19116.65
146300;13.0774;19132.25
146400;13.0791;19147.80
146500;13.0808;19163.35
146600;13.0825;19178.95
146700;13.0842;19194.50
146800;13.0859;19210.10
146900;13.0876;19225.70
147000;13.0893;19241.25
147100;13.0910;19256.85
147200;13.0927;19272.45
147300;13.0944;19288.05
147400;13.0960;19303.50
147500;13.0977;19319.10
147600;13.0994;19334.70
147700;13.1011;19350.30
147800;13.1028;19365.95
147900;13.1045;19381.55
148000;13.1062;19397.20
148100;13.1079;19412.80
148200;13.1096;19428.45
148300;13.1113;19444.05
148400;13.1130;19459.70
148500;13.1147;19475.35
148600;13.1164;19490.95
148700;13.1181;19506.60
148800;13.1197;19522.10
148900;13.1215;19537.90
149000;13.1232;19553.55
149100;13.1248;19569.10
149200;13.1265;19584.75
149300;13.1282;19600.40
149400;13.1299;19616.05
149500;13.1316;19631.75
149600;13.1333;19647.40
149700;13.1350;19663.10
149800;13.1367;19678.80
149900;13.1383;19694.30
150000;13.1401;19710.15
150100;13.1418;19725.85
150200;13.1434;19741.40
150300;13.1451;19757.10
150400;13.1469;19772.95
150500;13.1485;19788.50
150600;13.1502;19804.20
150700;13.1519;19819.90
150800;13.1536;19835.65
150900;13.1553;19851.35
151000;13.1570;19867.05
151100;13.1587;19882.80
151200;13.1604;19898.50
151300;13.1621;19914.25
151400;13.1638;19930.00
151500;13.1655;19945.75
151600;13.1672;19961.50
151700;13.1688;19977.05
151800;13.1706;19992.95
151900;13.1722;20008.55
152000;13.1740;20024.50
152100;13.1756;20040.10
152200;13.1773;20055.85
152300;13.1790;20071.60
152400;13.1807;20087.40
152500;13.1824;20103.15
152600;13.1841;20118.95
152700;13.1858;20134.70
152800;13.1875;20150.50
152900;13.1892;20166.30
153000;13.1909;20182.10
153100;13.1926;20197.85
153200;13.1943;20213.65
153300;13.1959;20229.30
153400;13.1976;20245.10
153500;13.1994;20261.10
153600;13.2010;20276.75
153700;13.2027;20292.55
153800;13.2044;20308.35
153900;13.2061;20324.20
154000;13.2078;20340.00
154100;13.2095;20355.85
154200;13.2112;20371.65
154300;13.2129;20387.50
154400;13.2146;20403.35
154500;13.2163;20419.20
154600;13.2180;20435.05
154700;13.2196;20450.70
154800;13.2214;20466.75
154900;13.2231;20482.60
155000;13.2247;20498.30
155100;13.2264;20514.15
155200;13.2281;20530.00
155300;13.2298;20545.90
155400;13.2315;20561.75
155500;13.2332;20577.65
155600;13.2349;20593.50
155700;13.2366;20609.40
155800;13.2383;20625.25
155900;13.2400;20641.15
156000;13.2417;20657.05
156100;13.2434;20672.95
156200;13.2451;20688.85
156300;13.2468;20704.75
156400;13.2484;20720.50
156500;13.2501;20736.40
156600;13.2518;20752.30
156700;13.2535;20768.25
156800;13.2552;20784.15
156900;13.2569;20800.10
157000;13.2586;20816.00
157100;13.2603;20831.95
157200;13.2620;20847.85
157300;13.2637;20863.80
157400;13.2654;20879.75
157500;13.2670;20895.55
157600;13.2688;20911.65
157700;13.2705;20927.60
157800;13.2722;20943.55
157900;13.2738;20959.35
158000;13.2756;20975.45
158100;13.2772;20991.25
158200;13.2789;21007.20
158300;13.2806;21023.20
158400;13.2823;21039.15
158500;13.2840;21055.15
158600;13.2857;21071.10
158700;13.2874;21087.10
158800;13.2891;21103.10
158900;13.2908;21119.10
159000;13.2925;21135.10
159100;13.2942;21151.05
159200;13.2959;21167.05
159300;13.2975;21182.90
159400;13.2993;21199.10
159500;13.3006;21214.45
159600;13.3018;21229.65
159700;13.3029;21244.75
159800;13.3040;21259.80
159900;13.3051;21274.85
160000;13.3063;21290.10
160100;13.3074;21305.15
160200;13.3085;21320.20
160300;13.3097;21335.45
160400;13.3108;21350.50
160500;13.3119;21365.60
160600;13.3130;21380.70
160700;13.3142;21395.90
160800;13.3153;21411.00
160900;13.3164;21426.10
161000;13.3176;21441.35
161100;13.3187;21456.45
161200;13.3198;21471.50
161300;13.3210;21486.75
161400;13.3221;21501.85
161500;13.3232;21516.95
161600;13.3243;21532.05
161700;13.3255;21547.35
161800;13.3266;21562.45
161900;13.3277;21577.55
162000;13.3288;21592.65
162100;13.3300;21607.95
162200;13.3311;21623.05
162300;13.3322;21638.15
162400;13.3334;21653.45
162500;13.3345;21668.55
162600;13.3356;21683.70
162700;13.3368;21698.95
162800;13.3379;21714.10
162900;13.3390;21729.25
163000;13.3402;21744.55
163100;13.3413;21759.65
163200;13.3424;21774.80
163300;13.3435;21789.95
163400;13.3446;21805.10
163500;13.3458;21820.40
163600;13.3469;21835.55
163700;13.3481;21850.85
163800;13.3492;21866.00
163900;13.3503;21881.15
164000;13.3514;21896.30
164100;13.3526;21911.60
164200;13.3537;21926.80
164300;13.3548;21941.95
164400;13.3560;21957.25
164500;13.3571;21972.45
164600;13.3582;21987.60
164700;13.3593;22002.75
164800;13.3605;22018.10
164900;13.3616;22033.30
165000;13.3627;22048.45
165100;13.3638;22063.65
165200;13.3650;22079.00
165300;13.3661;22094.15
165400;13.3672;22109.35
165500;13.3684;22124.70
165600;13.3695;22139.90
165700;13.3706;22155.10
165800;13.3718;22170.45
165900;13.3729;22185.65
166000;13.3740;22200.85
166100;13.3751;22216.05
166200;13.3763;22231.40
166300;13.3774;22246.60
166400;13.3785;22261.80
166500;13.3796;22277.05
166600;13.3808;22292.40
166700;13.3819;22307.65
166800;13.3830;22322.85
166900;13.3842;22338.25
167000;13.3853;22353.45
167100;13.3864;22368.65
167200;13.3876;22384.05
167300;13.3887;22399.30
167400;13.3898;22414.55
167500;13.3909;22429.75
167600;13.3921;22445.15
167700;13.3932;22460.40
167800;13.3944;22475.80
167900;13.3955;22491.05
168000;13.3966;22506.30
168100;13.3977;22521.55
168200;13.3988;22536.80
168300;13.4000;22552.20
168400;13.4011;22567.45
168500;13.4022;22582.70
168600;13.4034;22598.15
168700;13.4045;22613.40
168800;13.4056;22628.65
168900;13.4068;22644.10
169000;13.4079;22659.35
169100;13.4090;22674.60
169200;13.4101;22689.90
169300;13.4113;22705.35
169400;13.4124;22720.60
169500;13.4135;22735.90
169600;13.4146;22751.15
169700;13.4158;22766.60
169800;13.4169;22781.90
169900;13.4180;22797.20
170000;13.4192;22812.65
170100;13.4203;22827.95
170200;13.4214;22843.20
170300;13.4226;22858.70
170400;13.4237;22874.00
170500;13.4248;22889.30
170600;13.4259;22904.60
170700;13.4271;22920.05
170800;13.4282;22935.35
170900;13.4293;22950.65
171000;13.4304;22966.00
171100;13.4316;22981.45
171200;13.4327;22996.80
171300;13.4339;23012.25
171400;13.4350;23027.60
171500;13.4361;23042.90
171600;13.4372;23058.25
171700;13.4384;23073.75
171800;13.4395;23089.05
171900;13.4406;23104.40
172000;13.4418;23119.90
172100;13.4429;23135.25
172200;13.4440;23150.55
172300;13.4451;23165.90
172400;13.4463;23181.40
172500;13.4474;23196.75
172600;13.4485;23212.10
172700;13.4496;23227.45
172800;13.4508;23243.00
172900;13.4519;23258.35
173000;13.4530;23273.70
173100;13.4542;23289.20
173200;13.4553;23304.60
173300;13.4564;23319.95
173400;13.4576;23335.50
173500;13.4587;23350.85
173600;13.4598;23366.20
173700;13.4609;23381.60
173800;13.4621;23397.15
173900;13.4632;23412.50
174000;13.4643;23427.90
174100;13.4654;23443.25
174200;13.4666;23458.80
174300;13.4677;23474.20
174400;13.4688;23489.60
174500;13.4700;23505.15
174600;13.4711;23520.55
174700;13.4722;23535.95
174800;13.4734;23551.50
174900;13.4745;23566.90
175000;13.4756;23582.30
175100;13.4767;23597.70
175200;13.4779;23613.30
175300;13.4790;23628.70
175400;13.4802;23644.25
175500;13.4813;23659.70
175600;13.4824;23675.10
175700;13.4835;23690.50
175800;13.4846;23705.95
175900;13.4858;23721.50
176000;13.4869;23736.95
176100;13.4880;23752.35
176200;13.4892;23767.95
176300;13.4903;23783.40
176400;13.4914;23798.85
176500;13.4925;23814.25
176600;13.4937;23829.85
176700;13.4948;23845.30
176800;13.4959;23860.75
176900;13.4971;23876.35
177000;13.4982;23891.80
177100;13.4993;23907.25
177200;13.5001;23922.20
177300;13.5004;23936.20
177400;13.5007;23950.25
177500;13.5010;23964.30
177600;13.5012;23978.15
177700;13.5015;23992.15
177800;13.5018;24006.20
177900;13.5021;24020.25
178000;13.5024;24034.25
178100;13.5027;24048.30
178200;13.5029;24062.15
178300;13.5032;24076.20
178400;13.5035;24090.25
178500;13.5038;24104.30
178600;13.5041;24118.30
178700;13.5044;24132.35
178800;13.5046;24146.20
178900;13.5049;24160.25
179000;13.5052;24174.30
179100;13.5055;24188.35
179200;13.5058;24202.40
179300;13.5060;24216.25
179400;13.5063;24230.30
179500;13.5066;24244.35
179600;13.5069;24258.40
179700;13.5072;24272.45
179800;13.5075;24286.50
179900;13.5077;24300.35
180000;13.5080;24314.40
180100;13.5083;24328.45
180200;13.5086;24342.50
180300;13.5089;24356.55
180400;13.5091;24370.40
180500;13.5094;24384.45
180600;13.5097;24398.50
180700;13.5100;24412.55
180800;13.5103;24426.60
180900;13.5106;24440.70
181000;13.5108;24454.55
181100;13.5111;24468.60
181200;13.5114;24482.65
181300;13.5117;24496.70
181400;13.5120;24510.75
181500;13.5123;24524.80
181600;13.5125;24538.70
181700;13.5128;24552.75
181800;13.5131;24566.80
181900;13.5134;24580.85
182000;13.5137;24594.95
182100;13.5139;24608.80
182200;13.5142;24622.85
182300;13.5145;24636.95
182400;13.5148;24651.00
182500;13.5151;24665.05
182600;13.5154;24679.10
182700;13.5156;24693.00
182800;13.5159;24707.05
182900;13.5162;24721.15
183000;13.5165;24735.20
183100;13.5168;24749.25
183200;13.5171;24763.35
183300;13.5173;24777.20
183400;13.5176;24791.30
183500;13.5179;24805.35
183600;13.5182;24819.40
183700;13.5185;24833.50
183800;13.5187;24847.35
183900;13.5190;24861.45
184000;13.5193;24875.50
184100;13.5196;24889.60
184200;13.5199;24903.65
184300;13.5202;24917.75
184400;13.5204;24931.60
184500;13.5207;24945.70
184600;13.5210;24959.75
184700;13.5213;24973.85
184800;13.5216;24987.90
184900;13.5219;25002.00
185000;13.5221;25015.90
185100;13.5224;25029.95
185200;13.5227;25044.05
185300;13.5230;25058.10
185400;13.5233;25072.20
185500;13.5235;25086.10
185600;13.5238;25100.15
185700;13.5241;25114.25
185800;13.5244;25128.35
185900;13.5247;25142.40
186000;13.5250;25156.50
186100;13.5252;25170.40
186200;13.5255;25184.50
186300;13.5258;25198.55
186400;13.5261;25212.65
186500;13.5264;25226.75
186600;13.5266;25240.65
186700;13.5269;25254.70
186800;13.5272;25268.80
186900;13.5275;25282.90
187000;13.5278;25297.00
187100;13.5281;25311.10
187200;13.5283;25325.00
187300;13.5286;25339.05
187400;13.5289;25353.15
187500;13.5292;25367.25
187600;13.5295;25381.35
187700;13.5298;25395.45
187800;13.5300;25409.35
187900;13.5303;25423.45
188000;13.5306;25437.55
188100;13.5309;25451.60
188200;13.5312;25465.70
188300;13.5314;25479.65
188400;13.5317;25493.70
188500;13.5320;25507.80
188600;13.5323;25521.90
188700;13.5326;25536.00
188800;13.5329;25550.10
188900;13.5331;25564.05
189000;13.5334;25578.15
189100;13.5337;25592.25
189200;13.5340;25606.35
189300;13.5343;25620.45
189400;13.5345;25634.35
189500;13.5348;25648.45
189600;13.5351;25662.55
189700;13.5354;25676.65
189800;13.5357;25690.75
189900;13.5360;25704.85
190000;13.5362;25718.80
190100;13.5365;25732.90
190200;13.5368;25747.00
190300;13.5371;25761.10
190400;13.5374;25775.20
190500;13.5377;25789.30
190600;13.5379;25803.25
190700;13.5382;25817.35
190800;13.5385;25831.45
190900;13.5388;25845.55
191000;13.5391;25859.70
191100;13.5393;25873.60
191200;13.5396;25887.70
191300;13.5399;25901.85
191400;13.5402;25915.95
191500;13.5405;25930.05
191600;13.5408;25944.15
191700;13.5410;25958.10
191800;13.5413;25972.20
191900;13.5416;25986.35
192000;13.5419;26000.45
192100;13.5422;26014.55
192200;13.5425;26028.70
192300;13.5427;26042.60
192400;13.5430;26056.75
192500;13.5433;26070.85
192600;13.5436;26084.95
192700;13.5439;26099.10
192800;13.5441;26113.00
192900;13.5444;26127.15
193000;13.5447;26141.25
193100;13.5450;26155.40
193200;13.5453;26169.50
193300;13.5456;26183.65
193400;13.5458;26197.60
193500;13.5461;26211.70
193600;13.5464;26225.85
193700;13.5467;26239.95
193800;13.5470;26254.10
193900;13.5473;26268.20
194000;13.5475;26282.15
194100;13.5478;26296.30
194200;13.5481;26310.40
194300;13.5484;26324.55
194400;13.5487;26338.65
194500;13.5489;26352.60
194600;13.5492;26366.75
194700;13.5495;26380.90
194800;13.5498;26395.00
194900;13.5501;26409.15
195000;13.5504;26423.30
195100;13.5506;26437.20
195200;13.5509;26451.35
195300;13.5512;26465.50
195400;13.5515;26479.65
195500;13.5518;26493.75
195600;13.5520;26507.70
195700;13.5523;26521.85
195800;13.5526;26536.00
195900;13.5529;26550.15
196000;13.5532;26564.25
196100;13.5535;26578.40
196200;13.5537;26592.35
196300;13.5540;26606.50
196400;13.5543;26620.65
196500;13.5546;26634.80
196600;13.5549;26648.95
196700;13.5552;26663.10
196800;13.5554;26677.05
196900;13.5557;26691.15
197000;13.5560;26705.30
197100;13.5563;26719.45
197200;13.5566;26733.60
197300;13.5568;26747.55
197400;13.5571;26761.70
197500;13.5574;26775.85
197600;13.5577;26790.00
197700;13.5580;26804.15
197800;13.5583;26818.30
197900;13.5585;26832.25
198000;13.5588;26846.40
198100;13.5591;26860.60
198200;13.5594;26874.75
198300;13.5597;26888.90
198400;13.5600;26903.05
198500;13.5602;26917.00
198600;13.5605;26931.15
198700;13.5608;26945.30
198800;13.5611;26959.45
198900;13.5614;26973.60
199000;13.5616;26987.60
199100;13.5619;27001.75
199200;13.5622;27015.90
199300;13.5625;27030.05
199400;13.5628;27044.20
199500;13.5631;27058.40
199600;13.5633;27072.35
199700;13.5636;27086.50
199800;13.5639;27100.65
199900;13.5642;27114.85
200000;13.5645;27129.00
200100;13.5648;27143.15
200200;13.5650;27157.15
200300;13.5653;27171.30
200400;13.5656;27185.45
200500;13.5659;27199.65
200600;13.5662;27213.80
200700;13.5664;27227.75
200800;13.5667;27241.95
200900;13.5670;27256.10
201000;13.5673;27270.25
201100;13.5676;27284.45
201200;13.5679;27298.60
201300;13.5681;27312.60
201400;13.5684;27326.75
201500;13.5687;27340.95
201600;13.5690;27355.10
201700;13.5693;27369.30
201800;13.5695;27383.25
201900;13.5698;27397.45
202000;13.5701;27411.60
202100;13.5704;27425.80
202200;13.5707;27439.95
202300;13.5710;27454.15
202400;13.5712;27468.10
202500;13.5715;27482.30
202600;13.5718;27496.45
202700;13.5721;27510.65
202800;13.5724;27524.85
202900;13.5726;27538.80
203000;13.5729;27553.00
203100;13.5732;27567.15
203200;13.5735;27581.35
203300;13.5738;27595.55
203400;13.5741;27609.70
203500;13.5743;27623.70
203600;13.5746;27637.90
203700;13.5749;27652.05
203800;13.5752;27666.25
203900;13.5755;27680.45
204000;13.5758;27694.65
204100;13.5760;27708.60
204200;13.5763;27722.80
204300;13.5766;27737.00
204400;13.5769;27751.20
204500;13.5772;27765.35
204600;13.5775;27779.55
204700;13.5777;27793.55
204800;13.5780;27807.75
204900;13.5783;27821.95
205000;13.5786;27836.15
205100;13.5789;27850.30
205200;13.5791;27864.30
205300;13.5794;27878.50
205400;13.5797;27892.70
205500;13.5800;27906.90
205600;13.5803;27921.10
205700;13.5806;27935.30
205800;13.5808;27949.30
205900;13.5811;27963.50
206000;13.5814;27977.70
206100;13.5817;27991.90
206200;13.5820;28006.10
206300;13.5822;28020.10
206400;13.5825;28034.30
206500;13.5828;28048.50
206600;13.5831;28062.70
206700;13.5834;28076.90
206800;13.5837;28091.10
206900;13.5839;28105.10
207000;13.5842;28119.30
207100;13.5845;28133.50
207200;13.5848;28147.70
207300;13.5851;28161.90
207400;13.5854;28176.10
207500;13.5856;28190.10
207600;13.5859;28204.35
207700;13.5862;28218.55
207800;13.5865;28232.75
207900;13.5868;28246.95
208000;13.5870;28260.95
208100;13.5873;28275.15
208200;13.5876;28289.40
208300;13.5879;28303.60
208400;13.5882;28317.80
208500;13.5885;28332.00
208600;13.5887;28346.05
208700;13.5890;28360.25
208800;13.5893;28374.45
208900;13.5896;28388.65
209000;13.5899;28402.90
209100;13.5902;28417.10
209200;13.5904;28431.10
209300;13.5907;28445.35
209400;13.5910;28459.55
209500;13.5913;28473.75
209600;13.5916;28488.00
209700;13.5918;28502.00
209800;13.5921;28516.25
209900;13.5924;28530.45
210000;13.5927;28544.65
210100;13.5930;28558.90
210200;13.5933;28573.10
210300;13.5935;28587.15
210400;13.5938;28601.35
210500;13.5941;28615.60
210600;13.5944;28629.80
210700;13.5947;28644.05
210800;13.5950;28658.25
210900;13.5952;28672.30
211000;13.5955;28686.50
211100;13.5958;28700.75
211200;13.5961;28714.95
211300;13.5964;28729.20
211400;13.5966;28743.20
211500;13.5969;28757.45
211600;13.5972;28771.70
211700;13.5975;28785.90
211800;13.5978;28800.15
211900;13.5981;28814.35
212000;13.5983;28828.40
212100;13.5986;28842.65
212200;13.5989;28856.85
212300;13.5992;28871.10
212400;13.5995;28885.35
212500;13.5997;28899.35
212600;13.6000;28913.60
212700;13.6003;28927.85
212800;13.6006;28942.10
212900;13.6009;28956.30
213000;13.6012;28970.55
213100;13.6014;28984.60
213200;13.6017;28998.80
213300;13.6020;29013.05
213400;13.6023;29027.30
213500;13.6026;29041.55
213600;13.6029;29055.80
213700;13.6031;29069.80
213800;13.6034;29084.05
213900;13.6037;29098.30
214000;13.6040;29112.55
214100;13.6043;29126.80
214200;13.6045;29140.85
214300;13.6048;29155.10
214400;13.6051;29169.35
214500;13.6054;29183.60
214600;13.6057;29197.85
214700;13.6060;29212.10
214800;13.6062;29226.10
214900;13.6065;29240.35
215000;13.6068;29254.60
215100;13.6071;29268.85
215200;13.6074;29283.10
215300;13.6076;29297.15
215400;13.6079;29311.40
215500;13.6082;29325.65
215600;13.6085;29339.95
215700;13.6088;29354.20
215800;13.6091;29368.45
215900;13.6093;29382.50
216000;13.6096;29396.75
216100;13.6099;29411.00
216200;13.6102;29425.25
216300;13.6105;29439.50
216400;13.6108;29453.75
216500;13.6110;29467.80
216600;13.6113;29482.10
216700;13.6116;29496.35
216800;13.6119;29510.60
216900;13.6122;29524.85
217000;13.6124;29538.90
217100;13.6127;29553.15
217200;13.6130;29567.45
217300;13.6133;29581.70
217400;13.6136;29595.95
217500;13.6139;29610.25
217600;13.6141;29624.30
217700;13.6144;29638.55
217800;13.6147;29652.80
217900;13.6150;29667.10
218000;13.6153;29681.35
218100;13.6155;29695.40
218200;13.6158;29709.70
218300;13.6161;29723.95
218400;13.6164;29738.20
218500;13.6167;29752.50
218600;13.6170;29766.75
218700;13.6172;29780.80
218800;13.6175;29795.10
218900;13.6178;29809.35
219000;13.6181;29823.65
219100;13.6184;29837.90
219200;13.6187;29852.20
219300;13.6189;29866.25
219400;13.6192;29880.50
219500;13.6195;29894.80
219600;13.6198;29909.10
219700;13.6201;29923.35
219800;13.6204;29937.65
219900;13.6206;29951.70
220000;13.6209;29966.00
220100;13.6212;29980.25
220200;13.6215;29994.55
220300;13.6218;30008.85
220400;13.6220;30022.90
220500;13.6223;30037.15
220600;13.6226;30051.45
220700;13.6229;30065.75
220800;13.6232;30080.05
220900;13.6235;30094.30
221000;13.6237;30108.40
221100;13.6240;30122.65
221200;13.6243;30136.95
221300;13.6246;30151.25
221400;13.6249;30165.55
221500;13.6251;30179.60
221600;13.6254;30193.90
221700;13.6257;30208.20
221800;13.6260;30222.45
221900;13.6263;30236.75
222000;13.6266;30251.05
222100;13.6268;30265.10
222200;13.6271;30279.40
222300;13.6274;30293.70
222400;13.6277;30308.00
222500;13.6280;30322.30
222600;13.6283;30336.60
222700;13.6285;30350.65
222800;13.6288;30364.95
222900;13.6291;30379.25
223000;13.6294;30393.55
223100;13.6297;30407.85
223200;13.6299;30421.95
223300;13.6302;30436.25
223400;13.6305;30450.55
223500;13.6308;30464.85
223600;13.6311;30479.15
223700;13.6314;30493.45
223800;13.6316;30507.50
223900;13.6319;30521.80
224000;13.6322;30536.15
224100;13.6325;30550.45
224200;13.6328;30564.75
224300;13.6331;30579.05
224400;13.6333;30593.15
224500;13.6336;30607.45
224600;13.6339;30621.75
224700;13.6342;30636.05
224800;13.6345;30650.35
224900;13.6347;30664.45
225000;13.6350;30678.75
225100;13.6353;30693.05
225200;13.6356;30707.35
225300;13.6359;30721.70
225400;13.6362;30736.00
225500;13.6364;30750.10
225600;13.6367;30764.40
225700;13.6370;30778.70
225800;13.6373;30793.00
225900;13.6376;30807.35
226000;13.6379;30821.65
226100;13.6381;30835.75
226200;13.6384;30850.05
226300;13.6387;30864.40
226400;13.6390;30878.70
226500;13.6393;30893.00
226600;13.6395;30907.10
226700;13.6398;30921.45
226800;13.6401;30935.75
226900;13.6404;30950.05
227000;13.6407;30964.40
227100;13.6410;30978.70
227200;13.6412;30992.80
227300;13.6415;31007.15
227400;13.6418;31021.45
227500;13.6421;31035.80
227600;13.6424;31050.10
227700;13.6426;31064.20
227800;13.6429;31078.55
227900;13.6432;31092.85
228000;13.6435;31107.20
228100;13.6438;31121.50
228200;13.6441;31135.85
228300;13.6443;31149.95
228400;13.6446;31164.25
228500;13.6449;31178.60
228600;13.6452;31192.95
228700;13.6455;31207.25
228800;13.6458;31221.60
228900;13.6460;31235.70
229000;13.6463;31250.05
229100;13.6466;31264.35
229200;13.6469;31278.70
229300;13.6472;31293.05
229400;13.6474;31307.15
229500;13.6477;31321.45
229600;13.6480;31335.80
229700;13.6483;31350.15
229800;13.6486;31364.50
229900;13.6489;31378.80
230000;13.6491;31392.95
230100;13.6494;31407.25
230200;13.6497;31421.60
230300;13.6500;31435.95
230400;13.6503;31450.30
230500;13.6505;31464.40
230600;13.6508;31478.75
230700;13.6511;31493.10
230800;13.6514;31507.45
230900;13.6517;31521.80
231000;13.6520;31536.10
231100;13.6522;31550.25
231200;13.6525;31564.60
231300;13.6528;31578.95
231400;13.6531;31593.25
231500;13.6534;31607.60
231600;13.6537;31621.95
231700;13.6539;31636.10
231800;13.6542;31650.45
231900;13.6545;31664.80
232000;13.6548;31679.15
232100;13.6551;31693.50
232200;13.6553;31707.60
232300;13.6556;31721.95
232400;13.6559;31736.30
232500;13.6562;31750.65
232600;13.6565;31765.00
232700;13.6568;31779.35
232800;13.6570;31793.50
232900;13.6573;31807.85
233000;13.6576;31822.20
233100;13.6579;31836.55
233200;13.6582;31850.90
233300;13.6585;31865.30
233400;13.6587;31879.40
233500;13.6590;31893.75
233600;13.6593;31908.10
233700;13.6596;31922.50
233800;13.6599;31936.85
233900;13.6601;31950.95
234000;13.6604;31965.35
234100;13.6607;31979.70
234200;13.6610;31994.05
234300;13.6613;32008.45
234400;13.6616;32022.80
234500;13.6618;32036.90
234600;13.6621;32051.30
234700;13.6624;32065.65
234800;13.6627;32080.00
234900;13.6630;32094.40
235000;13.6633;32108.75
235100;13.6635;32122.90
235200;13.6638;32137.25
235300;13.6641;32151.65
235400;13.6644;32166.00
235500;13.6647;32180.35
235600;13.6649;32194.50
235700;13.6652;32208.90
235800;13.6655;32223.25
235900;13.6658;32237.60
236000;13.6661;32252.00
236100;13.6664;32266.35
236200;13.6666;32280.50
236300;13.6669;32294.90
236400;13.6672;32309.25
236500;13.6675;32323.65
236600;13.6678;32338.00
236700;13.6680;32352.15
236800;13.6683;32366.55
236900;13.6686;32380.90
237000;13.6689;32395.30
237100;13.6692;32409.65
237200;13.6695;32424.05
237300;13.6697;32438.20
237400;13.6700;32452.60
237500;13.6703;32466.95
237600;13.6706;32481.35
237700;13.6709;32495.75
237800;13.6712;32510.10
237900;13.6714;32524.25
238000;13.6717;32538.65
238100;13.6720;32553.05
238200;13.6723;32567.40
238300;13.6726;32581.80
238400;13.6728;32595.95
238500;13.6731;32610.35
238600;13.6734;32624.75
238700;13.6737;32639.10
238800;13.6740;32653.50
238900;13.6743;32667.90
239000;13.6745;32682.05
239100;13.6748;32696.45
239200;13.6751;32710.85
239300;13.6754;32725.25
239400;13.6757;32739.65
239500;13.6760;32754.00
239600;13.6762;32768.20
239700;13.6765;32782.55
239800;13.6768;32796.95
239900;13.6771;32811.35
240000;13.6774;32825.75
240100;13.6776;32839.90
240200;13.6779;32854.30
240300;13.6782;32868.70
240400;13.6785;32883.10
240500;13.6788;32897.50
240600;13.6791;32911.90
240700;13.6793;32926.10
240800;13.6796;32940.50
240900;13.6799;32954.90
241000;13.6802;32969.30
241100;13.6805;32983.70
241200;13.6807;32997.85
241300;13.6810;33012.25
241400;13.6813;33026.65
241500;13.6816;33041.05
241600;13.6819;33055.45
241700;13.6822;33069.90
241800;13.6824;33084.05
241900;13.6827;33098.45
242000;13.6830;33112.85
242100;13.6833;33127.25
242200;13.6836;33141.70
242300;13.6839;33156.10
242400;13.6841;33170.25
242500;13.6844;33184.65
242600;13.6847;33199.10
242700;13.6850;33213.50
242800;13.6853;33227.90
242900;13.6855;33242.10
243000;13.6858;33256.50
243100;13.6861;33270.90
243200;13.6864;33285.30
243300;13.6867;33299.75
243400;13.6870;33314.15
243500;13.6872;33328.35
243600;13.6875;33342.75
243700;13.6878;33357.15
243800;13.6881;33371.60
243900;13.6884;33386.00
244000;13.6887;33400.45
244100;13.6889;33414.60
244200;13.6892;33429.05
244300;13.6895;33443.45
244400;13.6898;33457.85
244500;13.6901;33472.30
244600;13.6903;33486.45
244700;13.6906;33500.90
244800;13.6909;33515.30
244900;13.6912;33529.75
245000;13.6915;33544.20
245100;13.6918;33558.60
245200;13.6920;33572.80
245300;13.6923;33587.20
245400;13.6926;33601.65
245500;13.6929;33616.05
245600;13.6932;33630.50
245700;13.6935;33644.95
245800;13.6937;33659.10
245900;13.6940;33673.55
246000;13.6943;33688.00
246100;13.6946;33702.40
246200;13.6949;33716.85
246300;13.6951;33731.05
246400;13.6954;33745.45
246500;13.6957;33759.90
246600;13.6960;33774.35
246700;13.6963;33788.75
246800;13.6966;33803.20
246900;13.6968;33817.40
247000;13.6971;33831.85
247100;13.6974;33846.30
247200;13.6977;33860.70
247300;13.6980;33875.15
247400;13.6982;33889.35
247500;13.6985;33903.80
247600;13.6988;33918.25
247700;13.6991;33932.65
247800;13.6994;33947.10
247900;13.6997;33961.55
248000;13.6999;33975.75
248100;13.7002;33990.20
248200;13.7005;34004.65
248300;13.7008;34019.10
248400;13.7011;34033.55
248500;13.7014;34048.00
248600;13.7016;34062.20
248700;13.7019;34076.65
248800;13.7022;34091.05
248900;13.7025;34105.50
249000;13.7028;34119.95
249100;13.7030;34134.15
249200;13.7033;34148.60
249300;13.7036;34163.05
249400;13.7039;34177.55
249500;13.7042;34192.00
249600;13.7045;34206.45
249700;13.7047;34220.65
249800;13.7050;34235.10
249900;13.7053;34249.55
250000;13.7056;34264.00
250100;13.7059;34278.45
250200;13.7062;34292.90
250300;13.7064;34307.10
250400;13.7067;34321.60
250500;13.7070;34336.05
250600;13.7073;34350.50
250700;13.7076;34364.95
250800;13.7078;34379.15
250900;13.7081;34393.60
251000;13.7084;34408.10
251100;13.7087;34422.55
251200;13.7090;34437.00
251300;13.7093;34451.45
251400;13.7095;34465.70
251500;13.7098;34480.15
251600;13.7101;34494.60
251700;13.7104;34509.10
251800;13.7107;34523.55
251900;13.7110;34538.00
252000;13.7112;34552.20
252100;13.7115;34566.70
252200;13.7118;34581.15
252300;13.7121;34595.65
252400;13.7124;34610.10
252500;13.7126;34624.30
252600;13.7129;34638.80
252700;13.7132;34653.25
252800;13.7135;34667.75
252900;13.7138;34682.20
253000;13.7140;34696.40
253100;13.7143;34710.90
253200;13.7146;34725.35
253300;13.7149;34739.85
253400;13.7152;34754.30
253500;13.7155;34768.80
253600;13.7157;34783.00
253700;13.7160;34797.50
253800;13.7163;34811.95
253900;13.7166;34826.45
254000;13.7169;34840.95
254100;13.7172;34855.40
254200;13.7174;34869.65
254300;13.7177;34884.10
254400;13.7180;34898.60
254500;13.7183;34913.05
254600;13.7186;34927.55
254700;13.7189;34942.05
254800;13.7191;34956.25
254900;13.7194;34970.75
255000;13.7197;34985.25
255100;13.7200;34999.70
255200;13.7203;35014.20
255300;13.7205;35028.45
255400;13.7208;35042.90
255500;13.7211;35057.40
255600;13.7214;35071.90
255700;13.7217;35086.40
255800;13.7220;35100.90
255900;13.7222;35115.10
256000;13.7225;35129.60
256100;13.7228;35144.10
256200;13.7231;35158.60
256300;13.7234;35173.05
256400;13.7236;35187.30
256500;13.7239;35201.80
256600;13.7242;35216.30
256700;13.7245;35230.80
256800;13.7248;35245.30
256900;13.7251;35259.80
257000;13.7253;35274.00
257100;13.7256;35288.50
257200;13.7259;35303.00
257300;13.7262;35317.50
257400;13.7265;35332.00
257500;13.7268;35346.50
257600;13.7270;35360.75
257700;13.7273;35375.25
257800;13.7276;35389.75
257900;13.7279;35404.25
258000;13.7282;35418.75
258100;13.7284;35433.00
258200;13.7287;35447.50
258300;13.7290;35462.00
258400;13.7293;35476.50
258500;13.7296;35491.00
258600;13.7299;35505.50
258700;13.7301;35519.75
258800;13.7304;35534.30
258900;13.7307;35548.80
259000;13.7310;35563.30
259100;13.7313;35577.80
259200;13.7316;35592.30
259300;13.7318;35606.55
259400;13.7321;35621.05
259500;13.7324;35635.60
259600;13.7327;35650.10
259700;13.7330;35664.60
259800;13.7332;35678.85
259900;13.7335;35693.35
260000;13.7338;35707.90
260100;13.7341;35722.40
260200;13.7344;35736.90
260300;13.7347;35751.40
260400;13.7349;35765.70
260500;13.7352;35780.20
260600;13.7355;35794.70
260700;13.7358;35809.25
260800;13.7361;35823.75
260900;13.7364;35838.25
261000;13.7366;35852.55
261100;13.7369;35867.05
261200;13.7372;35881.55
261300;13.7375;35896.10
261400;13.7378;35910.60
261500;13.7380;35924.85
261600;13.7383;35939.40
261700;13.7386;35953.90
261800;13.7389;35968.45
261900;13.7392;35982.95
262000;13.7395;35997.50
262100;13.7397;36011.75
262200;13.7400;36026.30
262300;13.7403;36040.80
262400;13.7406;36055.35
262500;13.7409;36069.85
262600;13.7411;36084.15
262700;13.7414;36098.65
262800;13.7417;36113.20
262900;13.7420;36127.70
263000;13.7423;36142.25
263100;13.7426;36156.80
263200;13.7428;36171.05
263300;13.7431;36185.60
263400;13.7434;36200.10
263500;13.7437;36214.65
263600;13.7440;36229.20
263700;13.7443;36243.70
263800;13.7445;36258.00
263900;13.7448;36272.55
264000;13.7451;36287.05
264100;13.7454;36301.60
264200;13.7457;36316.15
264300;13.7459;36330.40
264400;13.7462;36344.95
264500;13.7465;36359.50
264600;13.7468;36374.05
264700;13.7471;36388.55
264800;13.7474;36403.10
264900;13.7476;36417.40
265000;13.7479;36431.95
265100;13.7482;36446.50
265200;13.7485;36461.00
265300;13.7488;36475.55
265400;13.7490;36489.85
265500;13.7493;36504.40
265600;13.7496;36518.95
265700;13.7499;36533.50
265800;13.7502;36548.05
265900;13.7505;36562.60
266000;13.7507;36576.85
266100;13.7510;36591.40
266200;13.7513;36605.95
266300;13.7516;36620.50
266400;13.7519;36635.05
266500;13.7522;36649.60
266600;13.7524;36663.90
266700;13.7527;36678.45
266800;13.7530;36693.00
266900;13.7533;36707.55
267000;13.7536;36722.10
267100;13.7538;36736.40
267200;13.7541;36750.95
267300;13.7544;36765.50
267400;13.7547;36780.05
267500;13.7550;36794.65
267600;13.7553;36809.20
267700;13.7555;36823.45
267800;13.7558;36838.05
267900;13.7561;36852.60
268000;13.7564;36867.15
268100;13.7567;36881.70
268200;13.7570;36896.25
268300;13.7572;36910.55
268400;13.7575;36925.15
268500;13.7578;36939.70
268600;13.7581;36954.25
268700;13.7584;36968.80
268800;13.7586;36983.10
268900;13.7589;36997.70
269000;13.7592;37012.25
269100;13.7595;37026.80
269200;13.7598;37041.40
269300;13.7601;37055.95
269400;13.7603;37070.25
269500;13.7606;37084.80
269600;13.7609;37099.40
269700;13.7612;37113.95
269800;13.7615;37128.55
269900;13.7618;37143.10
270000;13.7620;37157.40
270100;13.7623;37171.95
270200;13.7626;37186.55
270300;13.7629;37201.10
270400;13.7632;37215.70
270500;13.7634;37230.00
270600;13.7637;37244.55
270700;13.7640;37259.15
270800;13.7643;37273.70
270900;13.7646;37288.30
271000;13.7649;37302.90
271100;13.7651;37317.20
271200;13.7654;37331.75
271300;13.7657;37346.35
271400;13.7660;37360.90
271500;13.7663;37375.50
271600;13.7665;37389.80
271700;13.7668;37404.40
271800;13.7671;37419.00
271900;13.7674;37433.55
272000;13.7677;37448.15
272100;13.7680;37462.75
272200;13.7682;37477.05
272300;13.7685;37491.65
272400;13.7688;37506.20
272500;13.7691;37520.80
272600;13.7694;37535.40
272700;13.7697;37549.95
272800;13.7699;37564.30
272900;13.7702;37578.90
273000;13.7705;37593.45
273100;13.7708;37608.05
273200;13.7711;37622.65
273300;13.7713;37636.95
273400;13.7716;37651.55
273500;13.7719;37666.15
273600;13.7722;37680.75
273700;13.7725;37695.35
273800;13.7728;37709.95
273900;13.7730;37724.25
274000;13.7733;37738.85
274100;13.7736;37753.45
274200;13.7739;37768.05
274300;13.7742;37782.65
274400;13.7745;37797.25
274500;13.7747;37811.55
274600;13.7750;37826.15
274700;13.7753;37840.75
274800;13.7756;37855.35
274900;13.7759;37869.95
275000;13.7761;37884.30
275100;13.7764;37898.90
275200;13.7767;37913.50
275300;13.7770;37928.10
275400;13.7773;37942.70
275500;13.7776;37957.30
275600;13.7778;37971.60
275700;13.7781;37986.20
275800;13.7784;38000.85
275900;13.7787;38015.45
276000;13.7790;38030.05
276100;13.7793;38044.65
276200;13.7795;38059.00
276300;13.7798;38073.60
276400;13.7801;38088.20
276500;13.7804;38102.80
276600;13.7807;38117.40
276700;13.7809;38131.75
276800;13.7812;38146.35
276900;13.7815;38160.95
277000;13.7818;38175.60
277100;13.7821;38190.20
277200;13.7824;38204.80
277300;13.7826;38219.15
277400;13.7829;38233.75
277500;13.7832;38248.40
277600;13.7835;38263.00
277700;13.7838;38277.60
277800;13.7840;38291.95
277900;13.7843;38306.55
278000;13.7846;38321.20
278100;13.7849;38335.80
278200;13.7852;38350.45
278300;13.7855;38365.05
278400;13.7857;38379.40
278500;13.7860;38394.00
278600;13.7863;38408.65
278700;13.7866;38423.25
278800;13.7869;38437.90
278900;13.7871;38452.20
279000;13.7874;38466.85
279100;13.7877;38481.45
279200;13.7880;38496.10
279300;13.7883;38510.70
279400;13.7886;38525.35
279500;13.7888;38539.70
279600;13.7891;38554.30
279700;13.7894;38568.95
279800;13.7897;38583.60
279900;13.7900;38598.20
280000;13.7903;38612.85
280100;13.7905;38627.20
280200;13.7908;38641.80
280300;13.7911;38656.45
280400;13.7914;38671.10
280500;13.7917;38685.70
280600;13.7920;38700.35
280700;13.7922;38714.70
280800;13.7925;38729.35
280900;13.7928;38744.00
281000;13.7931;38758.60
281100;13.7934;38773.25
281200;13.7936;38787.60
281300;13.7939;38802.25
281400;13.7942;38816.90
281500;13.7945;38831.50
281600;13.7948;38846.15
281700;13.7951;38860.80
281800;13.7953;38875.15
281900;13.7956;38889.80
282000;13.7959;38904.45
282100;13.7962;38919.10
282200;13.7965;38933.70
282300;13.7967;38948.10
282400;13.7970;38962.75
282500;13.7973;38977.35
282600;13.7976;38992.00
282700;13.7979;39006.65
282800;13.7982;39021.30
282900;13.7984;39035.65
283000;13.7987;39050.30
283100;13.7990;39064.95
283200;13.7993;39079.60
283300;13.7996;39094.25
283400;13.7999;39108.90
283500;13.8001;39123.30
283600;13.8004;39137.95
283700;13.8007;39152.60
283800;13.8010;39167.25
283900;13.8013;39181.90
284000;13.8015;39196.25
284100;13.8018;39210.90
284200;13.8021;39225.55
284300;13.8024;39240.20
284400;13.8027;39254.90
284500;13.8030;39269.55
284600;13.8032;39283.90
284700;13.8035;39298.55
284800;13.8038;39313.20
284900;13.8041;39327.90
285000;13.8044;39342.55
285100;13.8047;39357.20
285200;13.8049;39371.55
285300;13.8052;39386.25
285400;13.8055;39400.90
285500;13.8058;39415.55
285600;13.8061;39430.20
285700;13.8063;39444.60
285800;13.8066;39459.25
285900;13.8069;39473.95
286000;13.8072;39488.60
286100;13.8075;39503.25
286200;13.8078;39517.90
286300;13.8080;39532.30
286400;13.8083;39546.95
286500;13.8086;39561.65
286600;13.8089;39576.30
286700;13.8092;39591.00
286800;13.8095;39605.65
286900;13.8097;39620.05
287000;13.8100;39634.70
287100;13.8103;39649.35
287200;13.8106;39664.05
287300;13.8109;39678.70
287400;13.8111;39693.10
287500;13.8114;39707.80
287600;13.8117;39722.45
287700;13.8120;39737.10
287800;13.8123;39751.80
287900;13.8126;39766.50
288000;13.8128;39780.85
288100;13.8131;39795.55
288200;13.8134;39810.20
288300;13.8137;39824.90
288400;13.8140;39839.60
288500;13.8142;39853.95
288600;13.8145;39868.65
288700;13.8148;39883.35
288800;13.8151;39898.00
288900;13.8154;39912.70
289000;13.8157;39927.35
289100;13.8159;39941.75
289200;13.8162;39956.45
289300;13.8165;39971.15
289400;13.8168;39985.80
289500;13.8171;40000.50
289600;13.8174;40015.20
289700;13.8176;40029.60
289800;13.8179;40044.25
289900;13.8182;40058.95
290000;13.8185;40073.65
290100;13.8188;40088.35
290200;13.8190;40102.75
290300;13.8193;40117.45
290400;13.8196;40132.10
290500;13.8199;40146.80
290600;13.8202;40161.50
290700;13.8205;40176.20
290800;13.8207;40190.60
290900;13.8210;40205.30
291000;13.8213;40220.00
291100;13.8216;40234.70
291200;13.8219;40249.35
291300;13.8221;40263.80
291400;13.8224;40278.45
291500;13.8227;40293.15
291600;13.8230;40307.85
291700;13.8233;40322.55
291800;13.8236;40337.25
291900;13.8238;40351.65
292000;13.8241;40366.35
292100;13.8244;40381.05
292200;13.8247;40395.75
292300;13.8250;40410.50
292400;13.8253;40425.20
292500;13.8255;40439.60
292600;13.8258;40454.30
292700;13.8261;40469.00
292800;13.8264;40483.70
292900;13.8267;40498.40
293000;13.8269;40512.80
293100;13.8272;40527.50
293200;13.8275;40542.25
293300;13.8278;40556.95
293400;13.8281;40571.65
293500;13.8284;40586.35
293600;13.8286;40600.75
293700;13.8289;40615.50
293800;13.8292;40630.20
293900;13.8295;40644.90
294000;13.8298;40659.60
294100;13.8300;40674.05
294200;13.8303;40688.75
294300;13.8306;40703.45
294400;13.8309;40718.15
294500;13.8312;40732.90
294600;13.8315;40747.60
294700;13.8317;40762.00
294800;13.8320;40776.75
294900;13.8323;40791.45
295000;13.8326;40806.15
295100;13.8329;40820.90
295200;13.8332;40835.60
295300;13.8334;40850.05
295400;13.8337;40864.75
295500;13.8340;40879.45
295600;13.8343;40894.20
295700;13.8346;40908.90
295800;13.8349;40923.65
295900;13.8351;40938.05
296000;13.8354;40952.80
296100;13.8357;40967.50
296200;13.8360;40982.25
296300;13.8363;40996.95
296400;13.8365;41011.40
296500;13.8368;41026.10
296600;13.8371;41040.85
296700;13.8374;41055.55
296800;13.8377;41070.30
296900;13.8380;41085.00
297000;13.8382;41099.45
297100;13.8385;41114.20
297200;13.8388;41128.90
297300;13.8391;41143.65
297400;13.8394;41158.40
297500;13.8396;41172.80
297600;13.8399;41187.55
297700;13.8402;41202.30
297800;13.8405;41217.00
297900;13.8408;41231.75
298000;13.8411;41246.50
298100;13.8413;41260.90
298200;13.8416;41275.65
298300;13.8419;41290.40
298400;13.8422;41305.10
298500;13.8425;41319.85
298600;13.8428;41334.60
298700;13.8430;41349.05
298800;13.8433;41363.80
298900;13.8436;41378.50
299000;13.8439;41393.25
299100;13.8442;41408.00
299200;13.8444;41422.45
299300;13.8447;41437.20
299400;13.8450;41451.95
299500;13.8453;41466.65
299600;13.8456;41481.40
299700;13.8459;41496.15
299800;13.8461;41510.60
299900;13.8464;41525.35
300000;13.8467;41540.10
300100;13.8470;41554.85
300200;13.8473;41569.60
300300;13.8476;41584.35
300400;13.8478;41598.80
300500;13.8481;41613.55
300600;13.8484;41628.30
300700;13.8487;41643.05
300800;13.8490;41657.80
300900;13.8492;41672.25
301000;13.8495;41687.00
301100;13.8498;41701.75
301200;13.8501;41716.50
301300;13.8504;41731.25
301400;13.8507;41746.00
301500;13.8509;41760.45
301600;13.8512;41775.20
301700;13.8515;41790.00
301800;13.8518;41804.75
301900;13.8521;41819.50
302000;13.8524;41834.25
302100;13.8526;41848.70
302200;13.8529;41863.45
302300;13.8532;41878.20
302400;13.8535;41893.00
302500;13.8538;41907.75
302600;13.8540;41922.20
302700;13.8543;41936.95
302800;13.8546;41951.75
302900;13.8549;41966.50
303000;13.8552;41981.25
303100;13.8555;41996.00
303200;13.8557;42010.50
303300;13.8560;42025.25
303400;13.8563;42040.00
303500;13.8566;42054.80
303600;13.8569;42069.55
303700;13.8571;42084.00
303800;13.8574;42098.80
303900;13.8577;42113.55
304000;13.8580;42128.30
304100;13.8583;42143.10
304200;13.8586;42157.85
304300;13.8588;42172.35
304400;13.8591;42187.10
304500;13.8594;42201.85
304600;13.8597;42216.65
304700;13.8600;42231.40
304800;13.8603;42246.20
304900;13.8605;42260.65
305000;13.8608;42275.45
305100;13.8611;42290.20
305200;13.8614;42305.00
305300;13.8617;42319.75
305400;13.8619;42334.25
305500;13.8622;42349.00
305600;13.8625;42363.80
305700;13.8628;42378.60
305800;13.8631;42393.35
305900;13.8634;42408.15
306000;13.8636;42422.60
306100;13.8639;42437.40
306200;13.8642;42452.20
306300;13.8645;42466.95
306400;13.8648;42481.75
306500;13.8650;42496.25
306600;13.8653;42511.00
306700;13.8656;42525.80
306800;13.8659;42540.60
306900;13.8662;42555.35
307000;13.8665;42570.15
307100;13.8667;42584.65
307200;13.8670;42599.40
307300;13.8673;42614.20
307400;13.8676;42629.00
307500;13.8679;42643.80
307600;13.8682;42658.60
307700;13.8684;42673.05
307800;13.8687;42687.85
307900;13.8690;42702.65
308000;13.8693;42717.45
308100;13.8696;42732.25
308200;13.8698;42746.70
308300;13.8701;42761.50
308400;13.8704;42776.30
308500;13.8707;42791.10
308600;13.8710;42805.90
308700;13.8713;42820.70
308800;13.8715;42835.20
308900;13.8718;42850.00
309000;13.8721;42864.80
309100;13.8724;42879.60
309200;13.8727;42894.40
309300;13.8730;42909.20
309400;13.8732;42923.70
309500;13.8735;42938.50
309600;13.8738;42953.30
309700;13.8741;42968.10
309800;13.8744;42982.90
309900;13.8746;42997.40
310000;13.8749;43012.20
310100;13.8752;43027.00
310200;13.8755;43041.80
310300;13.8758;43056.60
310400;13.8761;43071.40
310500;13.8763;43085.90
310600;13.8766;43100.70
310700;13.8769;43115.55
310800;13.8772;43130.35
310900;13.8775;43145.15
311000;13.8778;43159.95
311100;13.8780;43174.45
311200;13.8783;43189.25
311300;13.8786;43204.10
311400;13.8789;43218.90
311500;13.8792;43233.70
311600;13.8794;43248.20
311700;13.8797;43263.00
311800;13.8800;43277.85
311900;13.8803;43292.65
312000;13.8806;43307.45
312100;13.8809;43322.30
312200;13.8811;43336.80
312300;13.8814;43351.60
312400;13.8817;43366.45
312500;13.8820;43381.25
312600;13.8823;43396.05
312700;13.8825;43410.60
312800;13.8828;43425.40
312900;13.8831;43440.20
313000;13.8834;43455.05
313100;13.8837;43469.85
313200;13.8840;43484.70
313300;13.8842;43499.20
313400;13.8845;43514.00
313500;13.8848;43528.85
313600;13.8851;43543.65
313700;13.8854;43558.50
313800;13.8857;43573.35
313900;13.8859;43587.85
314000;13.8862;43602.65
314100;13.8865;43617.50
314200;13.8868;43632.35
314300;13.8871;43647.15
314400;13.8873;43661.65
314500;13.8876;43676.50
314600;13.8879;43691.35
314700;13.8882;43706.15
314800;13.8885;43721.00
314900;13.8888;43735.85
315000;13.8890;43750.35
315100;13.8893;43765.20
315200;13.8896;43780.00
315300;13.8899;43794.85
315400;13.8902;43809.70
315500;13.8905;43824.55
315600;13.8907;43839.05
315700;13.8910;43853.90
315800;13.8913;43868.75
315900;13.8916;43883.55
316000;13.8919;43898.40
316100;13.8921;43912.95
316200;13.8924;43927.75
316300;13.8927;43942.60
316400;13.8930;43957.45
316500;13.8933;43972.30
316600;13.8936;43987.15
316700;13.8938;44001.65
316800;13.8941;44016.50
316900;13.8944;44031.35
317000;13.8947;44046.20
317100;13.8950;44061.05
317200;13.8952;44075.55
317300;13.8955;44090.40
317400;13.8958;44105.25
317500;13.8961;44120.10
317600;13.8964;44134.95
317700;13.8967;44149.80
317800;13.8969;44164.35
317900;13.8972;44179.20
318000;13.8975;44194.05
318100;13.8978;44208.90
318200;13.8981;44223.75
318300;13.8984;44238.60
318400;13.8986;44253.15
318500;13.8989;44268.00
318600;13.8992;44282.85
318700;13.8995;44297.70
318800;13.8998;44312.55
318900;13.9000;44327.10
319000;13.9003;44341.95
319100;13.9006;44356.80
319200;13.9009;44371.65
319300;13.9012;44386.55
319400;13.9015;44401.40
319500;13.9017;44415.95
319600;13.9020;44430.80
319700;13.9023;44445.65
319800;13.9026;44460.50
319900;13.9029;44475.40
320000;13.9032;44490.25
320100;13.9034;44504.80
320200;13.9037;44519.65
320300;13.9040;44534.50
320400;13.9043;44549.40
320500;13.9046;44564.25
320600;13.9048;44578.80
320700;13.9051;44593.65
320800;13.9054;44608.50
320900;13.9057;44623.40
321000;13.9060;44638.25
321100;13.9063;44653.15
321200;13.9065;44667.70
321300;13.9068;44682.55
321400;13.9071;44697.40
321500;13.9074;44712.30
321600;13.9077;44727.15
321700;13.9080;44742.05
321800;13.9082;44756.60
321900;13.9085;44771.45
322000;13.9088;44786.35
322100;13.9091;44801.20
322200;13.9094;44816.10
322300;13.9096;44830.65
322400;13.9099;44845.50
322500;13.9102;44860.40
322600;13.9105;44875.25
322700;13.9108;44890.15
322800;13.9111;44905.05
322900;13.9113;44919.60
323000;13.9116;44934.45
323100;13.9119;44949.35
323200;13.9122;44964.25
323300;13.9125;44979.10
323400;13.9127;44993.65
323500;13.9130;45008.55
323600;13.9133;45023.45
323700;13.9136;45038.30
323800;13.9139;45053.20
323900;13.9142;45068.10
324000;13.9144;45082.65
324100;13.9147;45097.55
324200;13.9150;45112.45
324300;13.9153;45127.30
324400;13.9156;45142.20
324500;13.9159;45157.10
324600;13.9161;45171.65
324700;13.9164;45186.55
324800;13.9167;45201.45
324900;13.9170;45216.35
325000;13.9173;45231.25
325100;13.9175;45245.80
325200;13.9178;45260.70
325300;13.9181;45275.60
325400;13.9184;45290.45
325500;13.9187;45305.35
325600;13.9190;45320.25
325700;13.9192;45334.85
325800;13.9195;45349.75
325900;13.9198;45364.65
326000;13.9201;45379.55
326100;13.9204;45394.40
326200;13.9207;45409.30
326300;13.9209;45423.90
326400;13.9212;45438.80
326500;13.9215;45453.70
326600;13.9218;45468.60
326700;13.9221;45483.50
326800;13.9223;45498.10
326900;13.9226;45513.00
327000;13.9229;45527.90
327100;13.9232;45542.80
327200;13.9235;45557.70
327300;13.9238;45572.60
327400;13.9240;45587.20
327500;13.9243;45602.10
327600;13.9246;45617.00
327700;13.9249;45631.90
327800;13.9252;45646.80
327900;13.9254;45661.40
328000;13.9257;45676.30
328100;13.9260;45691.20
328200;13.9263;45706.10
328300;13.9266;45721.05
328400;13.9269;45735.95
328500;13.9271;45750.50
328600;13.9274;45765.45
328700;13.9277;45780.35
328800;13.9280;45795.25
328900;13.9283;45810.20
329000;13.9286;45825.10
329100;13.9288;45839.70
329200;13.9291;45854.60
329300;13.9294;45869.50
329400;13.9297;45884.45
329500;13.9300;45899.35
329600;13.9302;45913.95
329700;13.9305;45928.85
329800;13.9308;45943.80
329900;13.9311;45958.70
330000;13.9314;45973.60
330100;13.9317;45988.55
330200;13.9319;46003.15
330300;13.9322;46018.05
330400;13.9325;46033.00
330500;13.9328;46047.90
330600;13.9331;46062.85
330700;13.9334;46077.75
330800;13.9336;46092.35
330900;13.9339;46107.30
331000;13.9342;46122.20
331100;13.9345;46137.15
331200;13.9348;46152.05
331300;13.9350;46166.65
331400;13.9353;46181.60
331500;13.9356;46196.50
331600;13.9359;46211.45
331700;13.9362;46226.40
331800;13.9365;46241.30
331900;13.9367;46255.90
332000;13.9370;46270.85
332100;13.9373;46285.75
332200;13.9376;46300.70
332300;13.9379;46315.65
332400;13.9381;46330.25
332500;13.9384;46345.20
332600;13.9387;46360.10
332700;13.9390;46375.05
332800;13.9393;46390.00
332900;13.9396;46404.95
333000;13.9398;46419.55
333100;13.9401;46434.45
333200;13.9404;46449.40
333300;13.9407;46464.35
333400;13.9410;46479.30
333500;13.9413;46494.25
333600;13.9415;46508.85
333700;13.9418;46523.80
333800;13.9421;46538.75
333900;13.9424;46553.65
334000;13.9427;46568.60
334100;13.9429;46583.25
334200;13.9432;46598.15
334300;13.9435;46613.10
334400;13.9438;46628.05
334500;13.9441;46643.00
334600;13.9444;46657.95
334700;13.9446;46672.60
334800;13.9449;46687.55
334900;13.9452;46702.45
335000;13.9455;46717.45
335100;13.9458;46732.40
335200;13.9461;46747.35
335300;13.9463;46761.95
335400;13.9466;46776.90
335500;13.9469;46791.85
335600;13.9472;46806.80
335700;13.9475;46821.75
335800;13.9477;46836.40
335900;13.9480;46851.35
336000;13.9483;46866.30
336100;13.9486;46881.25
336200;13.9489;46896.20
336300;13.9492;46911.15
336400;13.9494;46925.80
336500;13.9497;46940.75
336600;13.9500;46955.70
336700;13.9503;46970.65
336800;13.9506;46985.60
336900;13.9509;47000.60
337000;13.9511;47015.20
337100;13.9514;47030.15
337200;13.9517;47045.15
337300;13.9520;47060.10
337400;13.9523;47075.05
337500;13.9525;47089.70
337600;13.9528;47104.65
337700;13.9531;47119.60
337800;13.9534;47134.60
337900;13.9537;47149.55
338000;13.9540;47164.50
338100;13.9542;47179.15
338200;13.9545;47194.10
338300;13.9548;47209.10
338400;13.9551;47224.05
338500;13.9554;47239.05
338600;13.9556;47253.65
338700;13.9559;47268.65
338800;13.9562;47283.60
338900;13.9565;47298.60
339000;13.9568;47313.55
339100;13.9571;47328.55
339200;13.9573;47343.15
339300;13.9576;47358.15
339400;13.9579;47373.10
339500;13.9582;47388.10
339600;13.9585;47403.05
339700;13.9588;47418.05
339800;13.9590;47432.70
339900;13.9593;47447.65
340000;13.9596;47462.65
340100;13.9599;47477.60
340200;13.9602;47492.60
340300;13.9604;47507.25
340400;13.9607;47522.20
340500;13.9610;47537.20
340600;13.9613;47552.20
340700;13.9616;47567.15
340800;13.9619;47582.15
340900;13.9621;47596.80
341000;13.9624;47611.80
341100;13.9627;47626.75
341200;13.9630;47641.75
341300;13.9633;47656.75
341400;13.9636;47671.75
341500;13.9638;47686.40
341600;13.9641;47701.35
341700;13.9644;47716.35
341800;13.9647;47731.35
341900;13.9650;47746.35
342000;13.9652;47761.00
342100;13.9655;47776.00
342200;13.9658;47790.95
342300;13.9661;47805.95
342400;13.9664;47820.95
342500;13.9667;47835.95
342600;13.9669;47850.60
342700;13.9672;47865.60
342800;13.9675;47880.60
342900;13.9678;47895.60
343000;13.9681;47910.60
343100;13.9683;47925.25
343200;13.9686;47940.25
343300;13.9689;47955.25
343400;13.9692;47970.25
343500;13.9695;47985.25
343600;13.9698;48000.25
343700;13.9700;48014.90
343800;13.9703;48029.90
343900;13.9706;48044.90
344000;13.9709;48059.90
344100;13.9712;48074.90
344200;13.9715;48089.90
344300;13.9717;48104.55
344400;13.9720;48119.55
344500;13.9723;48134.55
344600;13.9726;48149.60
344700;13.9729;48164.60
344800;13.9731;48179.25
344900;13.9734;48194.25
345000;13.9737;48209.25
345100;13.9740;48224.25
345200;13.9743;48239.30
345300;13.9746;48254.30
345400;13.9748;48268.95
345500;13.9751;48283.95
345600;13.9754;48299.00
345700;13.9757;48314.00
345800;13.9760;48329.00
345900;13.9763;48344.00
346000;13.9765;48358.70
346100;13.9768;48373.70
346200;13.9771;48388.70
346300;13.9774;48403.75
346400;13.9777;48418.75
346500;13.9779;48433.40
346600;13.9782;48448.45
346700;13.9785;48463.45
346800;13.9788;48478.50
346900;13.9791;48493.50
347000;13.9794;48508.50
347100;13.9796;48523.20
347200;13.9799;48538.20
347300;13.9802;48553.25
347400;13.9805;48568.25
347500;13.9808;48583.30
347600;13.9810;48597.95
347700;13.9813;48613.00
347800;13.9816;48628.00
347900;13.9819;48643.05
348000;13.9822;48658.05
348100;13.9825;48673.10
348200;13.9827;48687.75
348300;13.9830;48702.80
348400;13.9833;48717.80
348500;13.9836;48732.85
348600;13.9839;48747.90
348700;13.9842;48762.90
348800;13.9844;48777.60
348900;13.9847;48792.60
349000;13.9850;48807.65
349100;13.9853;48822.70
349200;13.9856;48837.70
349300;13.9858;48852.40
349400;13.9861;48867.45
349500;13.9864;48882.45
349600;13.9867;48897.50
349700;13.9870;48912.55
349800;13.9873;48927.60
349900;13.9875;48942.25
350000;13.9878;48957.30
350100;13.9881;48972.35
350200;13.9884;48987.40
350300;13.9887;49002.40
350400;13.9890;49017.45
350500;13.9892;49032.15
350600;13.9895;49047.20
350700;13.9898;49062.25
350800;13.9901;49077.25
350900;13.9904;49092.30
351000;13.9906;49107.00
351100;13.9909;49122.05
351200;13.9912;49137.10
351300;13.9915;49152.15
351400;13.9918;49167.20
351500;13.9921;49182.25
351600;13.9923;49196.95
351700;13.9926;49211.95
351800;13.9929;49227.00
351900;13.9932;49242.05
352000;13.9935;49257.10
352100;13.9937;49271.80
352200;13.9940;49286.85
352300;13.9943;49301.90
352400;13.9946;49316.95
352500;13.9949;49332.00
352600;13.9952;49347.10
352700;13.9954;49361.80
352800;13.9957;49376.85
352900;13.9960;49391.90
353000;13.9963;49406.95
353100;13.9966;49422.00
353200;13.9969;49437.05
353300;13.9971;49451.75
353400;13.9974;49466.80
353500;13.9977;49481.85
353600;13.9980;49496.95
353700;13.9983;49512.00
353800;13.9985;49526.70
353900;13.9988;49541.75
354000;13.9991;49556.80
354100;13.9994;49571.90
354200;13.9997;49586.95
354300;14.0000;49602.00
354400;14.0000;49616.00